id,name,desc,type,url
Åke+Andersson_139,Åke Andersson,GAIS för Göteborgsalliansen Anfallare född 22 april 1917,Q5,https://goteborgsalliansen.se/spelare/%C3%85ke+Andersson_139
Åke+Bergling_296,Åke Bergling,Örgryte IS för Göteborgsalliansen Målvakt född 4 februari 1943,Q5,https://goteborgsalliansen.se/spelare/%C3%85ke+Bergling_296
Åke+Gustavsson_276,Åke Gustavsson,IFK Göteborg för Göteborgsalliansen Mittfältare född 10 mars 1935,Q5,https://goteborgsalliansen.se/spelare/%C3%85ke+Gustavsson_276
Åke+Hallman_162,Åke Hallman,IFK Göteborg för Göteborgsalliansen Anfallare född 12 november 1912,Q5,https://goteborgsalliansen.se/spelare/%C3%85ke+Hallman_162
Åke+Hansson_15,Åke Hansson,IFK Göteborg och GAIS för Göteborgsalliansen Mittfältare född 16 april 1903,Q5,https://goteborgsalliansen.se/spelare/%C3%85ke+Hansson_15
Åke+Kristiansson_175,Åke Kristiansson,IFK Göteborg för Göteborgsalliansen Anfallare född 18 oktober 1920,Q5,https://goteborgsalliansen.se/spelare/%C3%85ke+Kristiansson_175
Åke+Norén_240,Åke Norén,IFK Göteborg för Göteborgsalliansen Mittfältare född 26 september 1928,Q5,https://goteborgsalliansen.se/spelare/%C3%85ke+Nor%C3%A9n_240
Åke+Schön_164,Åke Schön,GAIS för Göteborgsalliansen Anfallare född 16 april 1920,Q5,https://goteborgsalliansen.se/spelare/%C3%85ke+Sch%C3%B6n_164
Åke+Tholander_138,Åke Tholander,GAIS för Göteborgsalliansen Anfallare född 21 oktober 1914,Q5,https://goteborgsalliansen.se/spelare/%C3%85ke+Tholander_138
Örjan+Persson_268,Örjan Persson,Örgryte IS för Göteborgsalliansen Anfallare född 27 augusti 1942,Q5,https://goteborgsalliansen.se/spelare/%C3%96rjan+Persson_268
+Eusébio_315,Eusébio,SL Benfica för Göteborgsalliansen Anfallare född 25 januari 1942,Q5,https://goteborgsalliansen.se/spelare/+Eus%C3%A9bio_315
Agne+Simonsson_252,Agne Simonsson,Örgryte IS för Göteborgsalliansen Anfallare född 19 oktober 1935,Q5,https://goteborgsalliansen.se/spelare/Agne+Simonsson_252
Albert+Andersson_2,Albert Andersson,Örgryte IS för Göteborgsalliansen Försvarare född 18 december 1895,Q5,https://goteborgsalliansen.se/spelare/Albert+Andersson_2
Albert+Kristiansson_48,Albert Kristiansson,Örgryte IS för Göteborgsalliansen Anfallare född 15 maj 1892,Q5,https://goteborgsalliansen.se/spelare/Albert+Kristiansson_48
Albert+Olsson_19,Albert Olsson,GAIS för Göteborgsalliansen Anfallare född 28 november 1896,Q5,https://goteborgsalliansen.se/spelare/Albert+Olsson_19
Alf+Hjelm_89,Alf Hjelm,GAIS för Göteborgsalliansen Anfallare född 28 december 1902,Q5,https://goteborgsalliansen.se/spelare/Alf+Hjelm_89
Algot+Bengtsson_70,Algot Bengtsson,IFK Göteborg för Göteborgsalliansen Mittfältare född 16 september 1900,Q5,https://goteborgsalliansen.se/spelare/Algot+Bengtsson_70
Algot+Bergström_81,Algot Bergström,IFK Göteborg för Göteborgsalliansen Anfallare född 23 december 1909,Q5,https://goteborgsalliansen.se/spelare/Algot+Bergstr%C3%B6m_81
Allan+Andersson_189,Allan Andersson,IFK Göteborg för Göteborgsalliansen Anfallare född 25 februari 1927,Q5,https://goteborgsalliansen.se/spelare/Allan+Andersson_189
Allan+Billing_69,Allan Billing,Örgryte IS för Göteborgsalliansen Mittfältare född 12 juli 1901,Q5,https://goteborgsalliansen.se/spelare/Allan+Billing_69
Allan+Mattiasson_101,Allan Mattiasson,GAIS för Göteborgsalliansen Anfallare född 8 mars 1908,Q5,https://goteborgsalliansen.se/spelare/Allan+Mattiasson_101
Allan+Svantesson_243,Allan Svantesson,IFK Göteborg för Göteborgsalliansen Anfallare född 1 juni 1928,Q5,https://goteborgsalliansen.se/spelare/Allan+Svantesson_243
Anders+Kiel_378,Anders Kiel,GAIS för Göteborgsalliansen Anfallare född 5 januari 1964,Q5,https://goteborgsalliansen.se/spelare/Anders+Kiel_378
Anders+Rydberg_75,Anders Rydberg,IFK Göteborg för Göteborgsalliansen Målvakt född 3 mars 1903,Q5,https://goteborgsalliansen.se/spelare/Anders+Rydberg_75
Anders+Svensson_281,Anders Svensson,Örgryte IS för Göteborgsalliansen Mittfältare född 27 mars 1939,Q5,https://goteborgsalliansen.se/spelare/Anders+Svensson_281
Andreas+Sjöberg_188,Andreas Sjöberg,Örgryte IS för Göteborgsalliansen Anfallare född 10 november 1923,Q5,https://goteborgsalliansen.se/spelare/Andreas+Sj%C3%B6berg_188
Arne+Knutsson_265,Arne Knutsson,IFK Göteborg för Göteborgsalliansen Anfallare född 22 november 1934,Q5,https://goteborgsalliansen.se/spelare/Arne+Knutsson_265
Arne+Lund_214,Arne Lund,GAIS för Göteborgsalliansen Mittfältare född 24 maj 1926,Q5,https://goteborgsalliansen.se/spelare/Arne+Lund_214
Arne+Lundqvist_226,Arne Lundqvist,IFK Göteborg för Göteborgsalliansen Anfallare född 10 oktober 1926,Q5,https://goteborgsalliansen.se/spelare/Arne+Lundqvist_226
Arne+Nyberg_117,Arne Nyberg,IFK Göteborg för Göteborgsalliansen Anfallare född 20 juni 1913,Q5,https://goteborgsalliansen.se/spelare/Arne+Nyberg_117
Arvid+Olsson_98,Arvid Olsson,Örgryte IS för Göteborgsalliansen Försvarare född 20 januari 1903,Q5,https://goteborgsalliansen.se/spelare/Arvid+Olsson_98
Axel+Färnström_227,Axel Färnström,IFK Göteborg för Göteborgsalliansen Anfallare född 20 november 1925,Q5,https://goteborgsalliansen.se/spelare/Axel+F%C3%A4rnstr%C3%B6m_227
Axel+Olsson_159,Axel Olsson,IFK Göteborg för Göteborgsalliansen Målvakt född 6 november 1910,Q5,https://goteborgsalliansen.se/spelare/Axel+Olsson_159
Börje+Oskarsson_326,Börje Oskarsson,IFK Göteborg för Göteborgsalliansen Anfallare född 4 juli 1950,Q5,https://goteborgsalliansen.se/spelare/B%C3%B6rje+Oskarsson_326
Baldwin+Johansson_45,Baldwin Johansson,IFK Göteborg för Göteborgsalliansen Anfallare född 10 mars 1898,Q5,https://goteborgsalliansen.se/spelare/Baldwin+Johansson_45
Bebben+Johansson_235,Bebben Johansson,IFK Göteborg för Göteborgsalliansen Anfallare född 22 mars 1935,Q5,https://goteborgsalliansen.se/spelare/Bebben+Johansson_235
Bengt+Berndtsson_220,Bengt Berndtsson,IFK Göteborg för Göteborgsalliansen Anfallare född 26 januari 1933,Q5,https://goteborgsalliansen.se/spelare/Bengt+Berndtsson_220
Bengt+Bertilsson_304,Bengt Bertilsson,IFK Göteborg för Göteborgsalliansen Målvakt född 21 mars 1949,Q5,https://goteborgsalliansen.se/spelare/Bengt+Bertilsson_304
Bengt+Mossberg_161,Bengt Mossberg,IFK Göteborg för Göteborgsalliansen Anfallare född 30 december 1920,Q5,https://goteborgsalliansen.se/spelare/Bengt+Mossberg_161
Bengt+Vikström_212,Bengt Vikström,Örgryte IS för Göteborgsalliansen Anfallare född 22 oktober 1927,Q5,https://goteborgsalliansen.se/spelare/Bengt+Vikstr%C3%B6m_212
Bengt-Göran+Johansson_247,Bengt-Göran Johansson,Örgryte IS för Göteborgsalliansen Anfallare född 16 mars 1934,Q5,https://goteborgsalliansen.se/spelare/Bengt-G%C3%B6ran+Johansson_247
Benno+Larsen_320,Benno Larsen,GAIS för Göteborgsalliansen Målvakt född 30 september 1949,Q5,https://goteborgsalliansen.se/spelare/Benno+Larsen_320
Berry+Larsson_313,Berry Larsson,Örgryte IS för Göteborgsalliansen Försvarare född 26 december 1946,Q5,https://goteborgsalliansen.se/spelare/Berry+Larsson_313
Berth+Wåhlin_299,Berth Wåhlin,Örgryte IS för Göteborgsalliansen Mittfältare född 8 april 1941,Q5,https://goteborgsalliansen.se/spelare/Berth+W%C3%A5hlin_299
Bertil+Andersson+II_216,Bertil Andersson II,GAIS för Göteborgsalliansen Anfallare född 16 december 1929,Q5,https://goteborgsalliansen.se/spelare/Bertil+Andersson+II_216
Bertil+Andersson+I_134,Bertil Andersson I,Örgryte IS för Göteborgsalliansen Mittfältare född 14 november 1909,Q5,https://goteborgsalliansen.se/spelare/Bertil+Andersson+I_134
Bertil+Ericsson_97,Bertil Ericsson,Sandvikens IF för Göteborgsalliansen Anfallare född 6 november 1908,Q5,https://goteborgsalliansen.se/spelare/Bertil+Ericsson_97
Bertil+Jansson_231,Bertil Jansson,Örgryte IS för Göteborgsalliansen Försvarare född 17 juli 1932,Q5,https://goteborgsalliansen.se/spelare/Bertil+Jansson_231
Bertil+Sernros_181,Bertil Sernros,GAIS för Göteborgsalliansen Mittfältare född 20 april 1921,Q5,https://goteborgsalliansen.se/spelare/Bertil+Sernros_181
Bertil+Sjöberg_103,Bertil Sjöberg,Örgryte IS för Göteborgsalliansen Anfallare född 16 maj 1910,Q5,https://goteborgsalliansen.se/spelare/Bertil+Sj%C3%B6berg_103
Bertil+Thulin_90,Bertil Thulin,GAIS för Göteborgsalliansen Anfallare född 16 maj 1903,Q5,https://goteborgsalliansen.se/spelare/Bertil+Thulin_90
Björn+Eriksson_286,Björn Eriksson,IFK Göteborg för Göteborgsalliansen Mittfältare född 10 september 1943,Q5,https://goteborgsalliansen.se/spelare/Bj%C3%B6rn+Eriksson_286
Björn+Nordqvist_343,Björn Nordqvist,IFK Göteborg för Göteborgsalliansen Försvarare född 6 oktober 1942,Q5,https://goteborgsalliansen.se/spelare/Bj%C3%B6rn+Nordqvist_343
Bo+Börjesson_330,Bo Börjesson,Örgryte IS för Göteborgsalliansen Anfallare född 1 december 1949,Q5,https://goteborgsalliansen.se/spelare/Bo+B%C3%B6rjesson_330
Bo+Johansson_284,Bo Johansson,GAIS för Göteborgsalliansen Mittfältare född 6 oktober 1941,Q5,https://goteborgsalliansen.se/spelare/Bo+Johansson_284
Bo+Mattsson_322,Bo Mattsson,Örgryte IS för Göteborgsalliansen Försvarare född 21 juni 1949,Q5,https://goteborgsalliansen.se/spelare/Bo+Mattsson_322
Bror+Carlsson_41,Bror Carlsson,GAIS för Göteborgsalliansen Anfallare född 28 juni 1897,Q5,https://goteborgsalliansen.se/spelare/Bror+Carlsson_41
Bror+Mellberg_256,Bror Mellberg,AIK för Göteborgsalliansen Anfallare född 9 december 1923,Q5,https://goteborgsalliansen.se/spelare/Bror+Mellberg_256
Bror+Wahlström_124,Bror Wahlström,GAIS för Göteborgsalliansen Mittfältare född 3 mars 1907,Q5,https://goteborgsalliansen.se/spelare/Bror+Wahlstr%C3%B6m_124
Carl+Jonsson_107,Carl Jonsson,GAIS för Göteborgsalliansen Mittfältare född 17 februari 1908,Q5,https://goteborgsalliansen.se/spelare/Carl+Jonsson_107
Carl+Krantz_33,Carl Krantz,Örgryte IS för Göteborgsalliansen Anfallare född 2 september 1894,Q5,https://goteborgsalliansen.se/spelare/Carl+Krantz_33
Carl-Erik+Sandberg_169,Carl-Erik Sandberg,Malmö FF för Göteborgsalliansen Anfallare född 13 januari 1919,Q5,https://goteborgsalliansen.se/spelare/Carl-Erik+Sandberg_169
Christer+Gustavsson_321,Christer Gustavsson,Örgryte IS för Göteborgsalliansen Försvarare född 24 mars 1949,Q5,https://goteborgsalliansen.se/spelare/Christer+Gustavsson_321
Christer+Heideberg_301,Christer Heideberg,GAIS för Göteborgsalliansen Försvarare född 8 februari 1942,Q5,https://goteborgsalliansen.se/spelare/Christer+Heideberg_301
Conny+Aldorsson_336,Conny Aldorsson,GAIS för Göteborgsalliansen Anfallare född 13 januari 1945,Q5,https://goteborgsalliansen.se/spelare/Conny+Aldorsson_336
Conny+Karlsson_337,Conny Karlsson,IFK Göteborg för Göteborgsalliansen Försvarare född 21 november 1953,Q5,https://goteborgsalliansen.se/spelare/Conny+Karlsson_337
Curt+Thorstensson_193,Curt Thorstensson,GAIS för Göteborgsalliansen Målvakt född 7 januari 1925,Q5,https://goteborgsalliansen.se/spelare/Curt+Thorstensson_193
Dan+Östlund_329,Dan Östlund,IFK Göteborg för Göteborgsalliansen Mittfältare född 6 januari 1947,Q5,https://goteborgsalliansen.se/spelare/Dan+%C3%96stlund_329
Dan+Corneliusson_350,Dan Corneliusson,IFK Göteborg för Göteborgsalliansen Anfallare född 2 oktober 1961,Q5,https://goteborgsalliansen.se/spelare/Dan+Corneliusson_350
Dan+Ekner_202,Dan Ekner,IFK Göteborg för Göteborgsalliansen Anfallare född 5 juli 1927,Q5,https://goteborgsalliansen.se/spelare/Dan+Ekner_202
Dennis+Olsson_346,Dennis Olsson,Örgryte IS för Göteborgsalliansen Försvarare född 14 maj 1957,Q5,https://goteborgsalliansen.se/spelare/Dennis+Olsson_346
Dick+Andersson_278,Dick Andersson,IFK Göteborg för Göteborgsalliansen Anfallare född 13 november 1943,Q5,https://goteborgsalliansen.se/spelare/Dick+Andersson_278
Donald+Niklasson_305,Donald Niklasson,IFK Göteborg för Göteborgsalliansen Försvarare född 12 januari 1947,Q5,https://goteborgsalliansen.se/spelare/Donald+Niklasson_305
Douglas+Krook_36,Douglas Krook,GAIS och Örgryte IS för Göteborgsalliansen Försvarare född 1 juli 1897,Q5,https://goteborgsalliansen.se/spelare/Douglas+Krook_36
Edvin+Bergström_156,Edvin Bergström,Sandvikens IF för Göteborgsalliansen Anfallare född 25 juni 1916,Q5,https://goteborgsalliansen.se/spelare/Edvin+Bergstr%C3%B6m_156
Egon+Johnsson_201,Egon Johnsson,GAIS för Göteborgsalliansen Anfallare född 6 december 1926,Q5,https://goteborgsalliansen.se/spelare/Egon+Johnsson_201
Einar+Hedeberg_62,Einar Hedeberg,Örgryte IS för Göteborgsalliansen Anfallare född 23 oktober 1898,Q5,https://goteborgsalliansen.se/spelare/Einar+Hedeberg_62
Einar+Johansson_56,Einar Johansson,GAIS för Göteborgsalliansen Målvakt född 19 maj 1899,Q5,https://goteborgsalliansen.se/spelare/Einar+Johansson_56
Einar+Karlsson_145,Einar Karlsson,Gårda BK för Göteborgsalliansen Mittfältare född 1 augusti 1909,Q5,https://goteborgsalliansen.se/spelare/Einar+Karlsson_145
Eine+Fredriksson_319,Eine Fredriksson,GAIS för Göteborgsalliansen Mittfältare född 5 mars 1950,Q5,https://goteborgsalliansen.se/spelare/Eine+Fredriksson_319
Elam+Johansson_53,Elam Johansson,IFK Göteborg för Göteborgsalliansen Mittfältare född 23 februari 1896,Q5,https://goteborgsalliansen.se/spelare/Elam+Johansson_53
Erik+Andersson_58,Erik Andersson,IFK Göteborg för Göteborgsalliansen Försvarare född 1 januari 1898,Q5,https://goteborgsalliansen.se/spelare/Erik+Andersson_58
Erik+Angren_120,Erik Angren,GAIS för Göteborgsalliansen Målvakt född 1 oktober 1914,Q5,https://goteborgsalliansen.se/spelare/Erik+Angren_120
Erik+Börjesson_44,Erik Börjesson,Örgryte IS för Göteborgsalliansen Anfallare född 1 december 1886,Q5,https://goteborgsalliansen.se/spelare/Erik+B%C3%B6rjesson_44
Erik+Bergqvist_179,Erik Bergqvist,IFK Göteborg för Göteborgsalliansen Anfallare född 5 mars 1922,Q5,https://goteborgsalliansen.se/spelare/Erik+Bergqvist_179
Erik+Eiserman_26,Erik Eiserman,IFK Göteborg för Göteborgsalliansen Mittfältare född 9 augusti 1892,Q5,https://goteborgsalliansen.se/spelare/Erik+Eiserman_26
Erik+Granath_83,Erik Granath,Örgryte IS för Göteborgsalliansen Mittfältare född 12 oktober 1910,Q5,https://goteborgsalliansen.se/spelare/Erik+Granath_83
Erik+Hjelm_10,Erik Hjelm,IFK Göteborg för Göteborgsalliansen Anfallare född 22 maj 1893,Q5,https://goteborgsalliansen.se/spelare/Erik+Hjelm_10
Erik+Hultgren_88,Erik Hultgren,Örgryte IS för Göteborgsalliansen Försvarare född 3 mars 1903,Q5,https://goteborgsalliansen.se/spelare/Erik+Hultgren_88
Erik+Hysén_87,Erik Hysén,IFK Göteborg för Göteborgsalliansen Anfallare född 18 maj 1906,Q5,https://goteborgsalliansen.se/spelare/Erik+Hys%C3%A9n_87
Erik+Johansson_64,Erik Johansson,GAIS för Göteborgsalliansen Mittfältare född 10 mars 1900,Q5,https://goteborgsalliansen.se/spelare/Erik+Johansson_64
Erik+Levin_43,Erik Levin,IFK Göteborg för Göteborgsalliansen Mittfältare född 30 november 1899,Q5,https://goteborgsalliansen.se/spelare/Erik+Levin_43
Erik+Liljenberg_3,Erik Liljenberg,Örgryte IS för Göteborgsalliansen Försvarare född 11 september 1894,Q5,https://goteborgsalliansen.se/spelare/Erik+Liljenberg_3
Erik+Nilsson_347,Erik Nilsson,IFK Göteborg för Göteborgsalliansen Mittfältare född 4 november 1954,Q5,https://goteborgsalliansen.se/spelare/Erik+Nilsson_347
Erland+Ekström_186,Erland Ekström,GAIS för Göteborgsalliansen Anfallare född 28 mars 1918,Q5,https://goteborgsalliansen.se/spelare/Erland+Ekstr%C3%B6m_186
Ernst+Östlund_84,Ernst Östlund,IFK Göteborg för Göteborgsalliansen Anfallare född 9 december 1899,Q5,https://goteborgsalliansen.se/spelare/Ernst+%C3%96stlund_84
Ernst+Andersson_77,Ernst Andersson,IFK Göteborg för Göteborgsalliansen Mittfältare född 26 mars 1909,Q5,https://goteborgsalliansen.se/spelare/Ernst+Andersson_77
Evert+Grahn_178,Evert Grahn,IF Elfsborg och IFK Göteborg för Göteborgsalliansen Anfallare född 21 maj 1921,Q5,https://goteborgsalliansen.se/spelare/Evert+Grahn_178
Evert+Hansson_78,Evert Hansson,Örgryte IS för Göteborgsalliansen Anfallare född 23 februari 1908,Q5,https://goteborgsalliansen.se/spelare/Evert+Hansson_78
Evert+Lager_104,Evert Lager,Örgryte IS för Göteborgsalliansen Anfallare född 15 juli 1907,Q5,https://goteborgsalliansen.se/spelare/Evert+Lager_104
Evert+Lundqvist_65,Evert Lundqvist,Örgryte IS för Göteborgsalliansen Anfallare född 27 februari 1900,Q5,https://goteborgsalliansen.se/spelare/Evert+Lundqvist_65
Filip+Johansson_20,Filip Johansson,IFK Göteborg för Göteborgsalliansen Anfallare född 21 januari 1902,Q5,https://goteborgsalliansen.se/spelare/Filip+Johansson_20
Folke+Fredriksson_237,Folke Fredriksson,GAIS för Göteborgsalliansen Mittfältare född 10 juni 1927,Q5,https://goteborgsalliansen.se/spelare/Folke+Fredriksson_237
Folke+Johansson_151,Folke Johansson,IFK Göteborg för Göteborgsalliansen Försvarare född 19 juni 1916,Q5,https://goteborgsalliansen.se/spelare/Folke+Johansson_151
Folke+Larsson_153,Folke Larsson,IFK Göteborg för Göteborgsalliansen Mittfältare född 22 augusti 1915,Q5,https://goteborgsalliansen.se/spelare/Folke+Larsson_153
Folke+Lind_118,Folke Lind,GAIS för Göteborgsalliansen Försvarare född 4 april 1913,Q5,https://goteborgsalliansen.se/spelare/Folke+Lind_118
Fridolf+Jonsson_30,Fridolf Jonsson,GAIS för Göteborgsalliansen Anfallare född 21 januari 1890,Q5,https://goteborgsalliansen.se/spelare/Fridolf+Jonsson_30
Fridolf+Martinsson_129,Fridolf Martinsson,Örgryte IS för Göteborgsalliansen Anfallare född 21 juli 1914,Q5,https://goteborgsalliansen.se/spelare/Fridolf+Martinsson_129
Fritjof+Hillén_42,Fritjof Hillén,GAIS för Göteborgsalliansen Försvarare född 19 maj 1893,Q5,https://goteborgsalliansen.se/spelare/Fritjof+Hill%C3%A9n_42
Fritz+Berg_112,Fritz Berg,IFK Göteborg för Göteborgsalliansen Mittfältare född 3 november 1909,Q5,https://goteborgsalliansen.se/spelare/Fritz+Berg_112
Göran+Nicklasson_287,Göran Nicklasson,IFK Göteborg för Göteborgsalliansen Anfallare född 20 augusti 1942,Q5,https://goteborgsalliansen.se/spelare/G%C3%B6ran+Nicklasson_287
Gösta+Almbjerg_308,Gösta Almbjerg,GAIS för Göteborgsalliansen Försvarare född 26 februari 1942,Q5,https://goteborgsalliansen.se/spelare/G%C3%B6sta+Almbjerg_308
Gösta+Andersson_74,Gösta Andersson,IFK Göteborg för Göteborgsalliansen Anfallare född 18 mars 1907,Q5,https://goteborgsalliansen.se/spelare/G%C3%B6sta+Andersson_74
Gösta+Bohman_136,Gösta Bohman,IFK Göteborg för Göteborgsalliansen Anfallare född 27 augusti 1911,Q5,https://goteborgsalliansen.se/spelare/G%C3%B6sta+Bohman_136
Gösta+Clark_11,Gösta Clark,Örgryte IS för Göteborgsalliansen Anfallare född 26 maj 1895,Q5,https://goteborgsalliansen.se/spelare/G%C3%B6sta+Clark_11
Gösta+Stenberg_158,Gösta Stenberg,Örgryte IS för Göteborgsalliansen Målvakt född 22 juni 1918,Q5,https://goteborgsalliansen.se/spelare/G%C3%B6sta+Stenberg_158
Gösta+Svensson_114,Gösta Svensson,GAIS för Göteborgsalliansen Anfallare född 4 januari 1904,Q5,https://goteborgsalliansen.se/spelare/G%C3%B6sta+Svensson_114
Göte+Ellström_154,Göte Ellström,Örgryte IS för Göteborgsalliansen Mittfältare född 27 augusti 1916,Q5,https://goteborgsalliansen.se/spelare/G%C3%B6te+Ellstr%C3%B6m_154
Göte+Karlsson_180,Göte Karlsson,GAIS för Göteborgsalliansen Försvarare född 6 januari 1921,Q5,https://goteborgsalliansen.se/spelare/G%C3%B6te+Karlsson_180
Göte+Sjösten_174,Göte Sjösten,GAIS för Göteborgsalliansen Anfallare född 19 januari 1918,Q5,https://goteborgsalliansen.se/spelare/G%C3%B6te+Sj%C3%B6sten_174
Gillis+Andersson_52,Gillis Andersson,IFK Göteborg för Göteborgsalliansen Mittfältare född 20 februari 1895,Q5,https://goteborgsalliansen.se/spelare/Gillis+Andersson_52
Glenn+Hysén_354,Glenn Hysén,GAIS och IFK Göteborg för Göteborgsalliansen Försvarare född 30 oktober 1959,Q5,https://goteborgsalliansen.se/spelare/Glenn+Hys%C3%A9n_354
Gottfrid+Carlsson_79,Gottfrid Carlsson,Örgryte IS för Göteborgsalliansen Målvakt född 10 september 1909,Q5,https://goteborgsalliansen.se/spelare/Gottfrid+Carlsson_79
Gunder+Högström_302,Gunder Högström,GAIS för Göteborgsalliansen Försvarare född 17 januari 1944,Q5,https://goteborgsalliansen.se/spelare/Gunder+H%C3%B6gstr%C3%B6m_302
Gunnar+Andersson_218,Gunnar Andersson,Olympique de Marseille för Göteborgsalliansen Anfallare född 14 augusti 1928,Q5,https://goteborgsalliansen.se/spelare/Gunnar+Andersson_218
Gunnar+Bengtsson_141,Gunnar Bengtsson,Örgryte IS för Göteborgsalliansen Anfallare född 18 september 1912,Q5,https://goteborgsalliansen.se/spelare/Gunnar+Bengtsson_141
Gunnar+Berghult_127,Gunnar Berghult,Örgryte IS för Göteborgsalliansen Målvakt född 17 maj 1913,Q5,https://goteborgsalliansen.se/spelare/Gunnar+Berghult_127
Gunnar+Forsberg_130,Gunnar Forsberg,IFK Göteborg för Göteborgsalliansen Anfallare född 17 mars 1911,Q5,https://goteborgsalliansen.se/spelare/Gunnar+Forsberg_130
Gunnar+Gren_173,Gunnar Gren,"IFK Göteborg, AFC Fiorentina, Örgryte IS och Klubblös för Göteborgsalliansen Anfallare född 31 oktober 1920",Q5,https://goteborgsalliansen.se/spelare/Gunnar+Gren_173
Gunnar+Holmberg_61,Gunnar Holmberg,GAIS för Göteborgsalliansen Mittfältare född 6 maj 1897,Q5,https://goteborgsalliansen.se/spelare/Gunnar+Holmberg_61
Gunnar+Johansson_209,Gunnar Johansson,GAIS för Göteborgsalliansen Mittfältare född 29 februari 1924,Q5,https://goteborgsalliansen.se/spelare/Gunnar+Johansson_209
Gunnar+Kämpendahl_258,Gunnar Kämpendahl,GAIS för Göteborgsalliansen Försvarare född 27 januari 1937,Q5,https://goteborgsalliansen.se/spelare/Gunnar+K%C3%A4mpendahl_258
Gunnar+Karlsson_351,Gunnar Karlsson,Örgryte IS för Göteborgsalliansen Anfallare född 22 april 1951,Q5,https://goteborgsalliansen.se/spelare/Gunnar+Karlsson_351
Gunnar+Löfgren_94,Gunnar Löfgren,IFK Göteborg för Göteborgsalliansen Mittfältare född 30 november 1910,Q5,https://goteborgsalliansen.se/spelare/Gunnar+L%C3%B6fgren_94
Gunnar+Olsson_105,Gunnar Olsson,GAIS för Göteborgsalliansen Anfallare född 19 juli 1908,Q5,https://goteborgsalliansen.se/spelare/Gunnar+Olsson_105
Gunnar+Paulsson_50,Gunnar Paulsson,GAIS för Göteborgsalliansen Anfallare född 23 januari 1901,Q5,https://goteborgsalliansen.se/spelare/Gunnar+Paulsson_50
Gunnar+Reis_80,Gunnar Reis,IFK Göteborg för Göteborgsalliansen Anfallare född 22 september 1911,Q5,https://goteborgsalliansen.se/spelare/Gunnar+Reis_80
Gunnar+Rydberg_8,Gunnar Rydberg,IFK Göteborg för Göteborgsalliansen Anfallare född 9 augusti 1900,Q5,https://goteborgsalliansen.se/spelare/Gunnar+Rydberg_8
Gunnar+Wenzel_1,Gunnar Wenzel,IFK Göteborg för Göteborgsalliansen Målvakt född 27 september 1898,Q5,https://goteborgsalliansen.se/spelare/Gunnar+Wenzel_1
Gunnar+Zacharoff_14,Gunnar Zacharoff,GAIS för Göteborgsalliansen Försvarare född 6 januari 1902,Q5,https://goteborgsalliansen.se/spelare/Gunnar+Zacharoff_14
Gunro+Lindberg_273,Gunro Lindberg,IFK Göteborg för Göteborgsalliansen Målvakt född 9 januari 1937,Q5,https://goteborgsalliansen.se/spelare/Gunro+Lindberg_273
Gustaf+Andersson_125,Gustaf Andersson,GAIS för Göteborgsalliansen Anfallare född 16 februari 1912,Q5,https://goteborgsalliansen.se/spelare/Gustaf+Andersson_125
Gustaf+Gustafsson_82,Gustaf Gustafsson,GAIS för Göteborgsalliansen Mittfältare född 6 november 1902,Q5,https://goteborgsalliansen.se/spelare/Gustaf+Gustafsson_82
Gustaf+Hermansson_34,Gustaf Hermansson,IFK Göteborg för Göteborgsalliansen Anfallare född 1 maj 1900,Q5,https://goteborgsalliansen.se/spelare/Gustaf+Hermansson_34
Gustaf+Johansson_46,Gustaf Johansson,GAIS för Göteborgsalliansen Mittfältare född 2 maj 1893,Q5,https://goteborgsalliansen.se/spelare/Gustaf+Johansson_46
Gustaf+Samuelsson_38,Gustaf Samuelsson – GAIS | goteborgsalliansen.se,GAIS för Göteborgsalliansen Anfallare född,Q5,https://goteborgsalliansen.se/spelare/Gustaf+Samuelsson_38
Gustaf+Werner_132,Gustaf Werner,IFK Göteborg för Göteborgsalliansen Anfallare född 27 november 1911,Q5,https://goteborgsalliansen.se/spelare/Gustaf+Werner_132
Gustav+Johansson_66,Gustav Johansson,Örgryte IS för Göteborgsalliansen Målvakt född 14 augusti 1900,Q5,https://goteborgsalliansen.se/spelare/Gustav+Johansson_66
Håkan+Eklund_306,Håkan Eklund,IFK Göteborg för Göteborgsalliansen Anfallare född 18 december 1941,Q5,https://goteborgsalliansen.se/spelare/H%C3%A5kan+Eklund_306
Håkan+Mild_359,Håkan Mild,IFK Göteborg för Göteborgsalliansen Mittfältare född 14 juni 1971,Q5,https://goteborgsalliansen.se/spelare/H%C3%A5kan+Mild_359
Hans+Johansson_314,Hans Johansson,GAIS för Göteborgsalliansen Anfallare född 30 december 1945,Q5,https://goteborgsalliansen.se/spelare/Hans+Johansson_314
Hans-Eje+Nylander_222,Hans-Eje Nylander,Örgryte IS för Göteborgsalliansen Anfallare född 11 mars 1928,Q5,https://goteborgsalliansen.se/spelare/Hans-Eje+Nylander_222
Harry+Andersson_148,Harry Andersson,IS Halmia för Göteborgsalliansen Anfallare född 21 december 1912,Q5,https://goteborgsalliansen.se/spelare/Harry+Andersson_148
Harry+Johansson_108,Harry Johansson,GAIS och Gårda BK för Göteborgsalliansen Mittfältare född 16 april 1909,Q5,https://goteborgsalliansen.se/spelare/Harry+Johansson_108
Harry+Magnusson_31,Harry Magnusson,Örgryte IS för Göteborgsalliansen Mittfältare född 22 september 1893,Q5,https://goteborgsalliansen.se/spelare/Harry+Magnusson_31
Harry+Nilsson_102,Harry Nilsson,GAIS för Göteborgsalliansen Anfallare född 19 september 1905,Q5,https://goteborgsalliansen.se/spelare/Harry+Nilsson_102
Harry+Svensson_310,Harry Svensson,IFK Göteborg för Göteborgsalliansen Anfallare född 11 juni 1945,Q5,https://goteborgsalliansen.se/spelare/Harry+Svensson_310
Harry+Zachrisson_76,Harry Zachrisson,Örgryte IS för Göteborgsalliansen Försvarare född 21 juni 1906,Q5,https://goteborgsalliansen.se/spelare/Harry+Zachrisson_76
Hasse+Jeppson_190,Hasse Jeppson,Örgryte IS och SSC Napoli för Göteborgsalliansen Anfallare född 10 maj 1925,Q5,https://goteborgsalliansen.se/spelare/Hasse+Jeppson_190
Hasse+Olsson_225,Hasse Olsson,GAIS för Göteborgsalliansen Anfallare född 15 november 1930,Q5,https://goteborgsalliansen.se/spelare/Hasse+Olsson_225
Hasse+Samuelsson_279,Hasse Samuelsson,GAIS för Göteborgsalliansen Anfallare född 11 juni 1941,Q5,https://goteborgsalliansen.se/spelare/Hasse+Samuelsson_279
Helge+Börjesson_275,Helge Börjesson,Örgryte IS för Göteborgsalliansen Försvarare född 15 november 1931,Q5,https://goteborgsalliansen.se/spelare/Helge+B%C3%B6rjesson_275
Helge+Jonsson_113,Helge Jonsson,IFK Göteborg för Göteborgsalliansen Anfallare född 30 januari 1912,Q5,https://goteborgsalliansen.se/spelare/Helge+Jonsson_113
Helge+Liljebjörn_68,Helge Liljebjörn,GAIS för Göteborgsalliansen Försvarare född 16 augusti 1904,Q5,https://goteborgsalliansen.se/spelare/Helge+Liljebj%C3%B6rn_68
Helmer+Lundgren_149,Helmer Lundgren,GAIS för Göteborgsalliansen Anfallare född 16 maj 1914,Q5,https://goteborgsalliansen.se/spelare/Helmer+Lundgren_149
Henning+Helgesson_60,Henning Helgesson,Örgryte IS för Göteborgsalliansen Mittfältare född 28 mars 1900,Q5,https://goteborgsalliansen.se/spelare/Henning+Helgesson_60
Henning+Svensson_23,Henning Svensson,IFK Göteborg för Göteborgsalliansen Försvarare född 13 oktober 1891,Q5,https://goteborgsalliansen.se/spelare/Henning+Svensson_23
Henok+Abrahamsson_143,Henok Abrahamsson,Gårda BK för Göteborgsalliansen Målvakt född 29 oktober 1909,Q5,https://goteborgsalliansen.se/spelare/Henok+Abrahamsson_143
Henry+Andersson+III_170,Henry Andersson III,IFK Göteborg för Göteborgsalliansen Målvakt född 28 oktober 1924,Q5,https://goteborgsalliansen.se/spelare/Henry+Andersson+III_170
Henry+Andersson+II_135,Henry Andersson II,GAIS för Göteborgsalliansen Mittfältare född 28 maj 1915,Q5,https://goteborgsalliansen.se/spelare/Henry+Andersson+II_135
Henry+Andersson+I_128,Henry Andersson I,GAIS för Göteborgsalliansen Mittfältare född 18 maj 1909,Q5,https://goteborgsalliansen.se/spelare/Henry+Andersson+I_128
Henry+Larsson_206,Henry Larsson,IFK Göteborg för Göteborgsalliansen Mittfältare född 28 augusti 1924,Q5,https://goteborgsalliansen.se/spelare/Henry+Larsson_206
Henry+Schéele_126,Henry Schéele,Örgryte IS för Göteborgsalliansen Anfallare född 8 maj 1909,Q5,https://goteborgsalliansen.se/spelare/Henry+Sch%C3%A9ele_126
Herbert+Karlsson_9,Herbert Karlsson,IFK Göteborg för Göteborgsalliansen Anfallare född 8 september 1896,Q5,https://goteborgsalliansen.se/spelare/Herbert+Karlsson_9
Herbert+Lundgren_13,Herbert Lundgren,GAIS för Göteborgsalliansen Försvarare född 20 mars 1902,Q5,https://goteborgsalliansen.se/spelare/Herbert+Lundgren_13
Herbert+Samuelsson_67,Herbert Samuelsson,IFK Göteborg för Göteborgsalliansen Försvarare född 20 februari 1905,Q5,https://goteborgsalliansen.se/spelare/Herbert+Samuelsson_67
Herbert+Sandström_63,Herbert Sandström,IFK Göteborg för Göteborgsalliansen Anfallare född 11 november 1900,Q5,https://goteborgsalliansen.se/spelare/Herbert+Sandstr%C3%B6m_63
Holger+Bengtsson_147,Holger Bengtsson,Gårda BK och IFK Göteborg för Göteborgsalliansen Anfallare född 3 november 1912,Q5,https://goteborgsalliansen.se/spelare/Holger+Bengtsson_147
Holger+Hansson_197,Holger Hansson,IFK Göteborg för Göteborgsalliansen Mittfältare född 26 januari 1927,Q5,https://goteborgsalliansen.se/spelare/Holger+Hansson_197
Holger+Johansson_96,Holger Johansson,GAIS för Göteborgsalliansen Anfallare född 18 januari 1911,Q5,https://goteborgsalliansen.se/spelare/Holger+Johansson_96
Hugo+Ödvall_85,Hugo Ödvall,Örgryte IS för Göteborgsalliansen Målvakt född 12 september 1904,Q5,https://goteborgsalliansen.se/spelare/Hugo+%C3%96dvall_85
Ingemar+Clarin_213,Ingemar Clarin,Örgryte IS för Göteborgsalliansen Mittfältare född 30 december 1927,Q5,https://goteborgsalliansen.se/spelare/Ingemar+Clarin_213
Ingemar+Eriksson_242,Ingemar Eriksson,GAIS för Göteborgsalliansen Mittfältare född 9 maj 1929,Q5,https://goteborgsalliansen.se/spelare/Ingemar+Eriksson_242
Ingvar+Rydell_187,Ingvar Rydell,Billingsfors IK för Göteborgsalliansen Anfallare född 20 juni 1922,Q5,https://goteborgsalliansen.se/spelare/Ingvar+Rydell_187
Ingvar+Svensson_283,Ingvar Svensson,IFK Göteborg för Göteborgsalliansen Mittfältare född 16 december 1939,Q5,https://goteborgsalliansen.se/spelare/Ingvar+Svensson_283
Ivan+Holmdahl_35,Ivan Holmdahl,GAIS för Göteborgsalliansen Målvakt född 28 juli 1894,Q5,https://goteborgsalliansen.se/spelare/Ivan+Holmdahl_35
Ivar+Klingström_4,Ivar Klingström,Örgryte IS för Göteborgsalliansen Mittfältare född 1 augusti 1897,Q5,https://goteborgsalliansen.se/spelare/Ivar+Klingstr%C3%B6m_4
Jan+Johansson_262,Jan Johansson,IFK Göteborg för Göteborgsalliansen Anfallare född 26 februari 1937,Q5,https://goteborgsalliansen.se/spelare/Jan+Johansson_262
Jan+Nordström_316,Jan Nordström,FC Groningen och IFK Göteborg för Göteborgsalliansen Målvakt född 19 december 1944,Q5,https://goteborgsalliansen.se/spelare/Jan+Nordstr%C3%B6m_316
Jan+Olsson_293,Jan Olsson,GAIS för Göteborgsalliansen Anfallare född 18 mars 1944,Q5,https://goteborgsalliansen.se/spelare/Jan+Olsson_293
Jens+Söderberg_282,Jens Söderberg,Örgryte IS för Göteborgsalliansen Anfallare född 22 oktober 1938,Q5,https://goteborgsalliansen.se/spelare/Jens+S%C3%B6derberg_282
Jens+Wålemark_375,Jens Wålemark,Örgryte IS för Göteborgsalliansen Försvarare född 31 juli 1966,Q5,https://goteborgsalliansen.se/spelare/Jens+W%C3%A5lemark_375
Jethro+Jackson_373,Jethro Jackson,GAIS för Göteborgsalliansen Mittfältare född 16 maj 1973,Q5,https://goteborgsalliansen.se/spelare/Jethro+Jackson_373
Joachim+Karlsson_366,Joachim Karlsson,Örgryte IS för Göteborgsalliansen Anfallare född 13 januari 1969,Q5,https://goteborgsalliansen.se/spelare/Joachim+Karlsson_366
Joakim+Grandelius_361,Joakim Grandelius,Örgryte IS för Göteborgsalliansen Mittfältare född 20 september 1970,Q5,https://goteborgsalliansen.se/spelare/Joakim+Grandelius_361
Joel+Björkman_47,Joel Björkman,GAIS för Göteborgsalliansen Anfallare född 23 juli 1890,Q5,https://goteborgsalliansen.se/spelare/Joel+Bj%C3%B6rkman_47
John+Johansson_40,John Johansson,GAIS för Göteborgsalliansen Mittfältare född 7 juli 1894,Q5,https://goteborgsalliansen.se/spelare/John+Johansson_40
John+Nilsson_72,John Nilsson,GAIS för Göteborgsalliansen Anfallare född 27 april 1908,Q5,https://goteborgsalliansen.se/spelare/John+Nilsson_72
Jonny+Hägerå_357,Jonny Hägerå,Örgryte IS för Göteborgsalliansen Mittfältare född 10 september 1971,Q5,https://goteborgsalliansen.se/spelare/Jonny+H%C3%A4ger%C3%A5_357
Josef+Appelgren_99,Josef Appelgren,Örgryte IS för Göteborgsalliansen Anfallare född 29 september 1890,Q5,https://goteborgsalliansen.se/spelare/Josef+Appelgren_99
Kaj+Eskelinen_362,Kaj Eskelinen,IFK Göteborg för Göteborgsalliansen Anfallare född 21 februari 1969,Q5,https://goteborgsalliansen.se/spelare/Kaj+Eskelinen_362
Karl+Andersson_54,Karl Andersson,IFK Göteborg för Göteborgsalliansen Anfallare född 27 februari 1896,Q5,https://goteborgsalliansen.se/spelare/Karl+Andersson_54
Karl+Erik+Kristensson_207,Karl Erik Kristensson,Örgryte IS för Göteborgsalliansen Anfallare född 20 september 1926,Q5,https://goteborgsalliansen.se/spelare/Karl+Erik+Kristensson_207
Karl+Johansson_6,Karl Johansson,IFK Göteborg för Göteborgsalliansen Mittfältare född 19 juli 1895,Q5,https://goteborgsalliansen.se/spelare/Karl+Johansson_6
Karl+Olsson_24,Karl Olsson,IFK Göteborg för Göteborgsalliansen Mittfältare född 2 september 1892,Q5,https://goteborgsalliansen.se/spelare/Karl+Olsson_24
Karl+Thorin_111,Karl Thorin,Örgryte IS för Göteborgsalliansen Mittfältare född 30 maj 1904,Q5,https://goteborgsalliansen.se/spelare/Karl+Thorin_111
Karl-Alfred+Jacobsson_208,Karl-Alfred Jacobsson,GAIS för Göteborgsalliansen Anfallare född 15 januari 1926,Q5,https://goteborgsalliansen.se/spelare/Karl-Alfred+Jacobsson_208
Karl-Erik+Eliasson_133,Karl-Erik Eliasson,IFK Göteborg för Göteborgsalliansen Anfallare född 22 april 1916,Q5,https://goteborgsalliansen.se/spelare/Karl-Erik+Eliasson_133
Karl-Erik+Holmberg_73,Karl-Erik Holmberg,Örgryte IS för Göteborgsalliansen Anfallare född 17 juli 1906,Q5,https://goteborgsalliansen.se/spelare/Karl-Erik+Holmberg_73
Kenneth+Wessberg_334,Kenneth Wessberg,GAIS för Göteborgsalliansen Anfallare född 25 april 1950,Q5,https://goteborgsalliansen.se/spelare/Kenneth+Wessberg_334
Kent+Bäck_295,Kent Bäck,Örgryte IS för Göteborgsalliansen Försvarare född 6 mars 1942,Q5,https://goteborgsalliansen.se/spelare/Kent+B%C3%A4ck_295
Kent+Grek_274,Kent Grek,GAIS för Göteborgsalliansen Försvarare född 27 april 1942,Q5,https://goteborgsalliansen.se/spelare/Kent+Grek_274
Kent+Harman_312,Kent Harman,GAIS för Göteborgsalliansen Målvakt född 22 april 1943,Q5,https://goteborgsalliansen.se/spelare/Kent+Harman_312
Kjell-Åke+Carlsson_309,Kjell-Åke Carlsson,IFK Göteborg för Göteborgsalliansen Mittfältare född 2 januari 1946,Q5,https://goteborgsalliansen.se/spelare/Kjell-%C3%85ke+Carlsson_309
Knut+Almqvist_228,Knut Almqvist,GAIS för Göteborgsalliansen Anfallare född 13 januari 1924,Q5,https://goteborgsalliansen.se/spelare/Knut+Almqvist_228
Knut+Andersson_86,Knut Andersson,Örgryte IS för Göteborgsalliansen Anfallare född 16 juni 1903,Q5,https://goteborgsalliansen.se/spelare/Knut+Andersson_86
Knut+Hansson_146,Knut Hansson,Landskrona BoIS för Göteborgsalliansen Anfallare född 9 maj 1911,Q5,https://goteborgsalliansen.se/spelare/Knut+Hansson_146
Knut+Johansson_168,Knut Johansson,IF Elfsborg för Göteborgsalliansen Anfallare född 2 april 1918,Q5,https://goteborgsalliansen.se/spelare/Knut+Johansson_168
Konrad+Törnqvist_5,Konrad Törnqvist,IFK Göteborg för Göteborgsalliansen Mittfältare född 17 juli 1888,Q5,https://goteborgsalliansen.se/spelare/Konrad+T%C3%B6rnqvist_5
Krister+Granbom_288,Krister Granbom,IFK Göteborg för Göteborgsalliansen Anfallare född 9 april 1941,Q5,https://goteborgsalliansen.se/spelare/Krister+Granbom_288
Kurt+Axelsson_292,Kurt Axelsson,GAIS för Göteborgsalliansen Försvarare född 10 november 1941,Q5,https://goteborgsalliansen.se/spelare/Kurt+Axelsson_292
Kurt+Bergsten_155,Kurt Bergsten,Landskrona BoIS för Göteborgsalliansen Anfallare född 24 juni 1912,Q5,https://goteborgsalliansen.se/spelare/Kurt+Bergsten_155
Kurt+Johanson_270,Kurt Johanson,Örgryte IS för Göteborgsalliansen Målvakt född 30 april 1932,Q5,https://goteborgsalliansen.se/spelare/Kurt+Johanson_270
Kurt+Svanström_137,Kurt Svanström,Örgryte IS för Göteborgsalliansen Mittfältare född 24 mars 1915,Q5,https://goteborgsalliansen.se/spelare/Kurt+Svanstr%C3%B6m_137
Lars+Andersson_255,Lars Andersson,IFK Göteborg för Göteborgsalliansen Målvakt född 4 februari 1932,Q5,https://goteborgsalliansen.se/spelare/Lars+Andersson_255
Lars+Cato_245,Lars Cato,GAIS för Göteborgsalliansen Mittfältare född 12 november 1925,Q5,https://goteborgsalliansen.se/spelare/Lars+Cato_245
Lars+Gunnskog_280,Lars Gunnskog,Örgryte IS för Göteborgsalliansen Målvakt född 6 augusti 1941,Q5,https://goteborgsalliansen.se/spelare/Lars+Gunnskog_280
Lars+Henriksson_244,Lars Henriksson,IFK Göteborg för Göteborgsalliansen Försvarare född 4 oktober 1930,Q5,https://goteborgsalliansen.se/spelare/Lars+Henriksson_244
Lars+Jangblad_221,Lars Jangblad,IFK Göteborg för Göteborgsalliansen Anfallare född 11 januari 1931,Q5,https://goteborgsalliansen.se/spelare/Lars+Jangblad_221
Lars+Olofsson_261,Lars Olofsson,Örgryte IS för Göteborgsalliansen Mittfältare född 30 januari 1937,Q5,https://goteborgsalliansen.se/spelare/Lars+Olofsson_261
Lars-Göran+Johansson_290,Lars-Göran Johansson,Örgryte IS för Göteborgsalliansen Mittfältare född 1 augusti 1946,Q5,https://goteborgsalliansen.se/spelare/Lars-G%C3%B6ran+Johansson_290
Lars-Hugo+Olsson_192,Lars-Hugo Olsson,Örgryte IS för Göteborgsalliansen Försvarare född 18 augusti 1919,Q5,https://goteborgsalliansen.se/spelare/Lars-Hugo+Olsson_192
Lars-Ove+Haraldsson_298,Lars-Ove Haraldsson,GAIS för Göteborgsalliansen Mittfältare född 21 juli 1942,Q5,https://goteborgsalliansen.se/spelare/Lars-Ove+Haraldsson_298
Lasse+Dahlenborg_37,Lasse Dahlenborg,Örgryte IS för Göteborgsalliansen Anfallare född 18 juli 1895,Q5,https://goteborgsalliansen.se/spelare/Lasse+Dahlenborg_37
Leif+Andersson_230,Leif Andersson,GAIS för Göteborgsalliansen Målvakt född 23 oktober 1932,Q5,https://goteborgsalliansen.se/spelare/Leif+Andersson_230
Leif+Beckman_205,Leif Beckman,Örgryte IS för Göteborgsalliansen Försvarare född 4 augusti 1923,Q5,https://goteborgsalliansen.se/spelare/Leif+Beckman_205
Leif+Björkman_196,Leif Björkman,IFK Göteborg för Göteborgsalliansen Försvarare född 11 oktober 1924,Q5,https://goteborgsalliansen.se/spelare/Leif+Bj%C3%B6rkman_196
Leif+Claesson_300,Leif Claesson,IFK Göteborg för Göteborgsalliansen Anfallare född 17 december 1940,Q5,https://goteborgsalliansen.se/spelare/Leif+Claesson_300
Leif+Forsberg_224,Leif Forsberg,GAIS för Göteborgsalliansen Anfallare född 6 oktober 1932,Q5,https://goteborgsalliansen.se/spelare/Leif+Forsberg_224
Leif+Larsson_160,Leif Larsson,IFK Göteborg och GAIS för Göteborgsalliansen Anfallare född 10 december 1921,Q5,https://goteborgsalliansen.se/spelare/Leif+Larsson_160
Leif+Linderoth_250,Leif Linderoth,GAIS för Göteborgsalliansen Mittfältare född 31 januari 1936,Q5,https://goteborgsalliansen.se/spelare/Leif+Linderoth_250
Leif+Wendt_289,Leif Wendt,GAIS för Göteborgsalliansen Anfallare född 5 mars 1942,Q5,https://goteborgsalliansen.se/spelare/Leif+Wendt_289
Leif+Ytterell_370,Leif Ytterell,Örgryte IS för Göteborgsalliansen Försvarare född 25 november 1964,Q5,https://goteborgsalliansen.se/spelare/Leif+Ytterell_370
Lennart+Johansson_324,Lennart Johansson,Örgryte IS för Göteborgsalliansen Anfallare född 24 augusti 1947,Q5,https://goteborgsalliansen.se/spelare/Lennart+Johansson_324
Lennart+Nilsson+II_380,Lennart Nilsson II,IFK Göteborg för Göteborgsalliansen Anfallare född 1 januari 1959,Q5,https://goteborgsalliansen.se/spelare/Lennart+Nilsson+II_380
Lennart+Nilsson+I_253,Lennart Nilsson I,IFK Göteborg för Göteborgsalliansen Mittfältare född 19 april 1937,Q5,https://goteborgsalliansen.se/spelare/Lennart+Nilsson+I_253
Lennart+Ottordahl_323,Lennart Ottordahl,Örgryte IS och IFK Göteborg för Göteborgsalliansen Mittfältare född 18 april 1949,Q5,https://goteborgsalliansen.se/spelare/Lennart+Ottordahl_323
Lennart+Wallin_291,Lennart Wallin,IFK Göteborg för Göteborgsalliansen Anfallare född 29 september 1942,Q5,https://goteborgsalliansen.se/spelare/Lennart+Wallin_291
Lennart+Wing_257,Lennart Wing,Örgryte IS för Göteborgsalliansen Försvarare född 7 augusti 1935,Q5,https://goteborgsalliansen.se/spelare/Lennart+Wing_257
Mårten+Svensson_140,Mårten Svensson,Örgryte IS för Göteborgsalliansen Anfallare född 11 oktober 1917,Q5,https://goteborgsalliansen.se/spelare/M%C3%A5rten+Svensson_140
Magnus+Gustafsson_367,Magnus Gustafsson,GAIS för Göteborgsalliansen Anfallare född 24 januari 1967,Q5,https://goteborgsalliansen.se/spelare/Magnus+Gustafsson_367
Magnus+Johansson_356,Magnus Johansson,IFK Göteborg för Göteborgsalliansen Försvarare född 10 november 1971,Q5,https://goteborgsalliansen.se/spelare/Magnus+Johansson_356
Mauritz+Åkervall_152,Mauritz Åkervall,Gårda BK för Göteborgsalliansen Försvarare född 8 november 1908,Q5,https://goteborgsalliansen.se/spelare/Mauritz+%C3%85kervall_152
Mauritz+Sandberg_28,Mauritz Sandberg,IFK Göteborg för Göteborgsalliansen Anfallare född 15 november 1895,Q5,https://goteborgsalliansen.se/spelare/Mauritz+Sandberg_28
Michael+Andersson_352,Michael Andersson,IFK Göteborg för Göteborgsalliansen Mittfältare född 24 augusti 1959,Q5,https://goteborgsalliansen.se/spelare/Michael+Andersson_352
Mikael+Berthagen_345,Mikael Berthagen,GAIS för Göteborgsalliansen Försvarare född 5 november 1954,Q5,https://goteborgsalliansen.se/spelare/Mikael+Berthagen_345
Morgan+Nilsson_358,Morgan Nilsson,GAIS för Göteborgsalliansen Mittfältare född 3 april 1971,Q5,https://goteborgsalliansen.se/spelare/Morgan+Nilsson_358
Nicklas+Karlström_360,Nicklas Karlström,GAIS för Göteborgsalliansen Mittfältare född 13 december 1966,Q5,https://goteborgsalliansen.se/spelare/Nicklas+Karlstr%C3%B6m_360
Niclas+Sjöstedt_355,Niclas Sjöstedt,Örgryte IS för Göteborgsalliansen Försvarare född 23 oktober 1964,Q5,https://goteborgsalliansen.se/spelare/Niclas+Sj%C3%B6stedt_355
Nils+Andersson_39,Nils Andersson,Örgryte IS för Göteborgsalliansen Mittfältare född 1 september 1903,Q5,https://goteborgsalliansen.se/spelare/Nils+Andersson_39
Nils+Andreasson_106,Nils Andreasson,GAIS för Göteborgsalliansen Mittfältare född 20 maj 1906,Q5,https://goteborgsalliansen.se/spelare/Nils+Andreasson_106
Nils+Ekeroth_223,Nils Ekeroth,IFK Göteborg för Göteborgsalliansen Mittfältare född 28 april 1930,Q5,https://goteborgsalliansen.se/spelare/Nils+Ekeroth_223
Nils+Eriksson_182,Nils Eriksson,IFK Göteborg för Göteborgsalliansen Försvarare född 2 mars 1916,Q5,https://goteborgsalliansen.se/spelare/Nils+Eriksson_182
Nils+Hansén_241,Nils Hansén,IFK Göteborg för Göteborgsalliansen Målvakt född 18 april 1920,Q5,https://goteborgsalliansen.se/spelare/Nils+Hans%C3%A9n_241
Nils+Johansson_263,Nils Johansson,IFK Göteborg för Göteborgsalliansen Mittfältare född 14 december 1934,Q5,https://goteborgsalliansen.se/spelare/Nils+Johansson_263
Nils+Jonsson_229,Nils Jonsson,IFK Göteborg för Göteborgsalliansen Försvarare född 7 december 1932,Q5,https://goteborgsalliansen.se/spelare/Nils+Jonsson_229
Nils+Karlsson_32,Nils Karlsson,GAIS för Göteborgsalliansen Mittfältare född 10 april 1897,Q5,https://goteborgsalliansen.se/spelare/Nils+Karlsson_32
Nils+Larsson_7,Nils Larsson,Örgryte IS för Göteborgsalliansen Anfallare född 22 mars 1897,Q5,https://goteborgsalliansen.se/spelare/Nils+Larsson_7
Nils+Olsson_184,Nils Olsson,Örgryte IS för Göteborgsalliansen Anfallare född 4 december 1921,Q5,https://goteborgsalliansen.se/spelare/Nils+Olsson_184
Nils+Wiréen_251,Nils Wiréen,GAIS för Göteborgsalliansen Anfallare född 13 juli 1936,Q5,https://goteborgsalliansen.se/spelare/Nils+Wir%C3%A9en_251
Ola+Karlsson_377,Ola Karlsson,Örgryte IS för Göteborgsalliansen Mittfältare född 19 maj 1971,Q5,https://goteborgsalliansen.se/spelare/Ola+Karlsson_377
Ola+Svensson_369,Ola Svensson,IFK Göteborg för Göteborgsalliansen Försvarare född 6 april 1964,Q5,https://goteborgsalliansen.se/spelare/Ola+Svensson_369
Olle+Åhlund_166,Olle Åhlund,Degerfors IF för Göteborgsalliansen Mittfältare född 22 augusti 1920,Q5,https://goteborgsalliansen.se/spelare/Olle+%C3%85hlund_166
Olle+Bengtsson_16,Olle Bengtsson,GAIS för Göteborgsalliansen Målvakt född 28 februari 1908,Q5,https://goteborgsalliansen.se/spelare/Olle+Bengtsson_16
Olof+Hultfeldt_91,Olof Hultfeldt,IFK Göteborg för Göteborgsalliansen Mittfältare född 17 september 1911,Q5,https://goteborgsalliansen.se/spelare/Olof+Hultfeldt_91
Olof+Johansson_119,Olof Johansson,IFK Göteborg för Göteborgsalliansen Mittfältare född 1 juli 1908,Q5,https://goteborgsalliansen.se/spelare/Olof+Johansson_119
Osborn+Larsson_332,Osborn Larsson,GAIS för Göteborgsalliansen Försvarare född 30 maj 1951,Q5,https://goteborgsalliansen.se/spelare/Osborn+Larsson_332
Otto+Andersson_110,Otto Andersson,Örgryte IS för Göteborgsalliansen Försvarare född 7 maj 1910,Q5,https://goteborgsalliansen.se/spelare/Otto+Andersson_110
Ove+Helmér_246,Ove Helmér,IK Oddevold för Göteborgsalliansen Anfallare född 7 maj 1933,Q5,https://goteborgsalliansen.se/spelare/Ove+Helm%C3%A9r_246
Ove+Kindvall_338,Ove Kindvall,IFK Göteborg för Göteborgsalliansen Mittfältare född 16 maj 1943,Q5,https://goteborgsalliansen.se/spelare/Ove+Kindvall_338
Ove+Nilsson_176,Ove Nilsson,Örgryte IS för Göteborgsalliansen Målvakt född 17 augusti 1918,Q5,https://goteborgsalliansen.se/spelare/Ove+Nilsson_176
Owe+Ohlsson_254,Owe Ohlsson,IFK Göteborg för Göteborgsalliansen Anfallare född 19 augusti 1938,Q5,https://goteborgsalliansen.se/spelare/Owe+Ohlsson_254
Patrik+Gustavsson_364,Patrik Gustavsson,Örgryte IS för Göteborgsalliansen Mittfältare född 13 januari 1965,Q5,https://goteborgsalliansen.se/spelare/Patrik+Gustavsson_364
Paul+Johansson_277,Paul Johansson,IFK Göteborg för Göteborgsalliansen Anfallare född 5 augusti 1939,Q5,https://goteborgsalliansen.se/spelare/Paul+Johansson_277
Peder+Amberntsson_328,Peder Amberntsson,Örgryte IS för Göteborgsalliansen Försvarare född 23 mars 1950,Q5,https://goteborgsalliansen.se/spelare/Peder+Amberntsson_328
Per+Nordström_109,Per Nordström,Örgryte IS för Göteborgsalliansen Anfallare född 7 september 1913,Q5,https://goteborgsalliansen.se/spelare/Per+Nordstr%C3%B6m_109
Per+Olofsson_195,Per Olofsson – Örgryte IS | goteborgsalliansen.se,Örgryte IS för Göteborgsalliansen Anfallare född,Q5,https://goteborgsalliansen.se/spelare/Per+Olofsson_195
Per-Åke+Jansson_272,Per-Åke Jansson,IFK Göteborg för Göteborgsalliansen Anfallare född 5 mars 1938,Q5,https://goteborgsalliansen.se/spelare/Per-%C3%85ke+Jansson_272
Per-Erik+Eriksson_333,Per-Erik Eriksson,IFK Göteborg för Göteborgsalliansen Anfallare född 15 september 1945,Q5,https://goteborgsalliansen.se/spelare/Per-Erik+Eriksson_333
Per-Olof+Hagman_341,Per-Olof Hagman,Örgryte IS för Göteborgsalliansen Försvarare född 30 januari 1956,Q5,https://goteborgsalliansen.se/spelare/Per-Olof+Hagman_341
Per-Olof+Hansson_248,Per-Olof Hansson,IFK Göteborg för Göteborgsalliansen Mittfältare född 24 mars 1932,Q5,https://goteborgsalliansen.se/spelare/Per-Olof+Hansson_248
Peter+Dahlqvist_348,Peter Dahlqvist,Örgryte IS för Göteborgsalliansen Mittfältare född 12 januari 1956,Q5,https://goteborgsalliansen.se/spelare/Peter+Dahlqvist_348
Pontus+Kåmark_365,Pontus Kåmark,IFK Göteborg för Göteborgsalliansen Försvarare född 5 april 1969,Q5,https://goteborgsalliansen.se/spelare/Pontus+K%C3%A5mark_365
Ragnar+Gustavsson_71,Ragnar Gustavsson,GAIS för Göteborgsalliansen Anfallare född 28 september 1907,Q5,https://goteborgsalliansen.se/spelare/Ragnar+Gustavsson_71
Ragnvald+Pålsson_172,Ragnvald Pålsson,IFK Göteborg för Göteborgsalliansen Mittfältare född 27 juli 1917,Q5,https://goteborgsalliansen.se/spelare/Ragnvald+P%C3%A5lsson_172
Reine+Almqvist_311,Reine Almqvist,IFK Göteborg för Göteborgsalliansen Anfallare född 12 april 1949,Q5,https://goteborgsalliansen.se/spelare/Reine+Almqvist_311
Reine+Olausson_331,Reine Olausson,IFK Göteborg för Göteborgsalliansen Försvarare född 23 april 1949,Q5,https://goteborgsalliansen.se/spelare/Reine+Olausson_331
Reino+Börjesson_194,Reino Börjesson,Jonsereds IF och IFK Göteborg för Göteborgsalliansen Anfallare född 4 februari 1929,Q5,https://goteborgsalliansen.se/spelare/Reino+B%C3%B6rjesson_194
Robert+Zander_22,Robert Zander,Örgryte IS för Göteborgsalliansen Målvakt född 18 september 1895,Q5,https://goteborgsalliansen.se/spelare/Robert+Zander_22
Roger+Altemark_344,Roger Altemark,Örgryte IS för Göteborgsalliansen Försvarare född 22 augusti 1952,Q5,https://goteborgsalliansen.se/spelare/Roger+Altemark_344
Roger+Johansson_238,Roger Johansson,IFK Göteborg för Göteborgsalliansen Mittfältare född 19 februari 1932,Q5,https://goteborgsalliansen.se/spelare/Roger+Johansson_238
Roger+Karlsson_285,Roger Karlsson,Örgryte IS för Göteborgsalliansen Anfallare född 2 januari 1944,Q5,https://goteborgsalliansen.se/spelare/Roger+Karlsson_285
Roger+Nordstrand_374,Roger Nordstrand,Örgryte IS för Göteborgsalliansen Anfallare född 20 maj 1973,Q5,https://goteborgsalliansen.se/spelare/Roger+Nordstrand_374
Roland+Berglöv_198,Roland Berglöv,Örgryte IS för Göteborgsalliansen Mittfältare född 21 januari 1926,Q5,https://goteborgsalliansen.se/spelare/Roland+Bergl%C3%B6v_198
Roland+Johansson_236,Roland Johansson,GAIS för Göteborgsalliansen Mittfältare född 8 oktober 1930,Q5,https://goteborgsalliansen.se/spelare/Roland+Johansson_236
Roland+Lindberg_150,Roland Lindberg,Gårda BK för Göteborgsalliansen Mittfältare född 15 maj 1910,Q5,https://goteborgsalliansen.se/spelare/Roland+Lindberg_150
Roland+Lindqvist_264,Roland Lindqvist,Örgryte IS för Göteborgsalliansen Anfallare född 19 augusti 1939,Q5,https://goteborgsalliansen.se/spelare/Roland+Lindqvist_264
Rolf+Almqvist_185,Rolf Almqvist,GAIS för Göteborgsalliansen Anfallare född 16 juli 1924,Q5,https://goteborgsalliansen.se/spelare/Rolf+Almqvist_185
Rolf+Blomqvist_327,Rolf Blomqvist,IFK Göteborg för Göteborgsalliansen Målvakt född 4 mars 1947,Q5,https://goteborgsalliansen.se/spelare/Rolf+Blomqvist_327
Rolf+Christensson_131,Rolf Christensson,IFK Göteborg för Göteborgsalliansen Anfallare född 26 december 1912,Q5,https://goteborgsalliansen.se/spelare/Rolf+Christensson_131
Rolf+Eklöf_266,Rolf Eklöf,IFK Göteborg för Göteborgsalliansen Anfallare född 24 juli 1938,Q5,https://goteborgsalliansen.se/spelare/Rolf+Ekl%C3%B6f_266
Rolf+Gardtman_100,Rolf Gardtman,Redbergslids IK och Örgryte IS för Göteborgsalliansen Anfallare född 18 augusti 1907,Q5,https://goteborgsalliansen.se/spelare/Rolf+Gardtman_100
Rolf+Gustafsson_171,Rolf Gustafsson,GAIS för Göteborgsalliansen Försvarare född 21 april 1920,Q5,https://goteborgsalliansen.se/spelare/Rolf+Gustafsson_171
Rolf+Hansson_294,Rolf Hansson,Örgryte IS för Göteborgsalliansen Försvarare född 1 december 1943,Q5,https://goteborgsalliansen.se/spelare/Rolf+Hansson_294
Rolf+Karlsson_340,Rolf Karlsson,Örgryte IS för Göteborgsalliansen Anfallare född 22 september 1950,Q5,https://goteborgsalliansen.se/spelare/Rolf+Karlsson_340
Rolf+Petersson_307,Rolf Petersson,IFK Göteborg för Göteborgsalliansen Målvakt född 25 januari 1945,Q5,https://goteborgsalliansen.se/spelare/Rolf+Petersson_307
Rolf+Wetterlind_260,Rolf Wetterlind,Örgryte IS för Göteborgsalliansen Mittfältare född 12 april 1933,Q5,https://goteborgsalliansen.se/spelare/Rolf+Wetterlind_260
Ronald+Johansson_249,Ronald Johansson,IFK Göteborg för Göteborgsalliansen Målvakt född 6 mars 1936,Q5,https://goteborgsalliansen.se/spelare/Ronald+Johansson_249
Rune+Börjesson_239,Rune Börjesson,Örgryte IS och Juventus FC för Göteborgsalliansen Anfallare född 5 april 1937,Q5,https://goteborgsalliansen.se/spelare/Rune+B%C3%B6rjesson_239
Rune+Emanuelsson_183,Rune Emanuelsson,IFK Göteborg för Göteborgsalliansen Mittfältare född 8 oktober 1923,Q5,https://goteborgsalliansen.se/spelare/Rune+Emanuelsson_183
Rune+Jingård_200,Rune Jingård,GAIS för Göteborgsalliansen Anfallare född 16 februari 1925,Q5,https://goteborgsalliansen.se/spelare/Rune+Jing%C3%A5rd_200
Rune+Ludvigsson_165,Rune Ludvigsson,Gårda BK för Göteborgsalliansen Målvakt född 6 oktober 1922,Q5,https://goteborgsalliansen.se/spelare/Rune+Ludvigsson_165
Rune+Wenzel_18,Rune Wenzel,GAIS för Göteborgsalliansen Anfallare född 4 januari 1901,Q5,https://goteborgsalliansen.se/spelare/Rune+Wenzel_18
Sören+Börjesson_339,Sören Börjesson,Örgryte IS för Göteborgsalliansen Anfallare född 14 mars 1956,Q5,https://goteborgsalliansen.se/spelare/S%C3%B6ren+B%C3%B6rjesson_339
Sören+Järelöv_353,Sören Järelöv,GAIS för Göteborgsalliansen Målvakt född 10 januari 1965,Q5,https://goteborgsalliansen.se/spelare/S%C3%B6ren+J%C3%A4rel%C3%B6v_353
Sanny+Jacobsson_215,Sanny Jacobsson,GAIS för Göteborgsalliansen Anfallare född 6 juli 1930,Q5,https://goteborgsalliansen.se/spelare/Sanny+Jacobsson_215
Sixten+Nilsson_234,Sixten Nilsson,GAIS för Göteborgsalliansen Anfallare född 5 januari 1931,Q5,https://goteborgsalliansen.se/spelare/Sixten+Nilsson_234
Sixten+Rosenqvist_167,Sixten Rosenqvist,GAIS för Göteborgsalliansen Mittfältare född 14 december 1918,Q5,https://goteborgsalliansen.se/spelare/Sixten+Rosenqvist_167
Sjunne+Hallberg_27,Sjunne Hallberg,Örgryte IS för Göteborgsalliansen Anfallare född 12 april 1893,Q5,https://goteborgsalliansen.se/spelare/Sjunne+Hallberg_27
Stefan+Allbäck_317,Stefan Allbäck,Örgryte IS för Göteborgsalliansen Mittfältare född 15 september 1947,Q5,https://goteborgsalliansen.se/spelare/Stefan+Allb%C3%A4ck_317
Stefan+Lindqvist_363,Stefan Lindqvist,IFK Göteborg för Göteborgsalliansen Anfallare född 18 mars 1967,Q5,https://goteborgsalliansen.se/spelare/Stefan+Lindqvist_363
Stefan+Rehn_371,Stefan Rehn,IFK Göteborg för Göteborgsalliansen Mittfältare född 22 september 1966,Q5,https://goteborgsalliansen.se/spelare/Stefan+Rehn_371
Stellan+Andersson_59,Stellan Andersson,IFK Göteborg för Göteborgsalliansen Anfallare född 25 oktober 1902,Q5,https://goteborgsalliansen.se/spelare/Stellan+Andersson_59
Sten+Pålsson_303,Sten Pålsson,GAIS för Göteborgsalliansen Anfallare född 4 december 1945,Q5,https://goteborgsalliansen.se/spelare/Sten+P%C3%A5lsson_303
Stig+Andersson+II_271,Stig Andersson II,Örgryte IS för Göteborgsalliansen Anfallare född 2 januari 1936,Q5,https://goteborgsalliansen.se/spelare/Stig+Andersson+II_271
Stig+Andersson+I_191,Stig Andersson I,GAIS för Göteborgsalliansen Anfallare född 10 oktober 1925,Q5,https://goteborgsalliansen.se/spelare/Stig+Andersson+I_191
Stig+Björklund_177,Stig Björklund,Örgryte IS för Göteborgsalliansen Mittfältare född 23 augusti 1923,Q5,https://goteborgsalliansen.se/spelare/Stig+Bj%C3%B6rklund_177
Stig+Björkman_210,Stig Björkman,GAIS för Göteborgsalliansen Försvarare född 17 november 1924,Q5,https://goteborgsalliansen.se/spelare/Stig+Bj%C3%B6rkman_210
Stig+Jonsson_269,Stig Jonsson,Örgryte IS för Göteborgsalliansen Anfallare född 26 augusti 1939,Q5,https://goteborgsalliansen.se/spelare/Stig+Jonsson_269
Stig+Löfgren_142,Stig Löfgren,IFK Göteborg för Göteborgsalliansen Anfallare född 30 april 1919,Q5,https://goteborgsalliansen.se/spelare/Stig+L%C3%B6fgren_142
Stig+Lindqvist_199,Stig Lindqvist,GAIS för Göteborgsalliansen Anfallare född 17 augusti 1918,Q5,https://goteborgsalliansen.se/spelare/Stig+Lindqvist_199
Sune+Persson_325,Sune Persson,GAIS för Göteborgsalliansen Försvarare född 29 november 1945,Q5,https://goteborgsalliansen.se/spelare/Sune+Persson_325
Svejde+Krook_95,Svejde Krook,IFK Göteborg för Göteborgsalliansen Anfallare född 6 augusti 1914,Q5,https://goteborgsalliansen.se/spelare/Svejde+Krook_95
Sven+Appelgren_219,Sven Appelgren,IFK Göteborg för Göteborgsalliansen Försvarare född 8 september 1927,Q5,https://goteborgsalliansen.se/spelare/Sven+Appelgren_219
Sven+Friberg_25,Sven Friberg,Örgryte IS för Göteborgsalliansen Mittfältare född 7 februari 1895,Q5,https://goteborgsalliansen.se/spelare/Sven+Friberg_25
Sven+Hammar_122,Sven Hammar,GAIS för Göteborgsalliansen Anfallare född 26 maj 1911,Q5,https://goteborgsalliansen.se/spelare/Sven+Hammar_122
Sven+Jacobsson_144,Sven Jacobsson,GAIS för Göteborgsalliansen Mittfältare född 17 april 1914,Q5,https://goteborgsalliansen.se/spelare/Sven+Jacobsson_144
Sven+Johansson_49,Sven Johansson,IFK Göteborg för Göteborgsalliansen Anfallare född 11 april 1899,Q5,https://goteborgsalliansen.se/spelare/Sven+Johansson_49
Sven+Jonasson_123,Sven Jonasson,IF Elfsborg för Göteborgsalliansen Anfallare född 9 juli 1909,Q5,https://goteborgsalliansen.se/spelare/Sven+Jonasson_123
Sven+Rydell_57,Sven Rydell,Örgryte IS för Göteborgsalliansen Anfallare född 14 januari 1905,Q5,https://goteborgsalliansen.se/spelare/Sven+Rydell_57
Sven+Sjöblom_203,Sven Sjöblom,IFK Göteborg för Göteborgsalliansen Anfallare född 29 januari 1929,Q5,https://goteborgsalliansen.se/spelare/Sven+Sj%C3%B6blom_203
Thomas+Bloom_318,Thomas Bloom,GAIS för Göteborgsalliansen Mittfältare född 29 september 1947,Q5,https://goteborgsalliansen.se/spelare/Thomas+Bloom_318
Thomas+Hallberg_379,Thomas Hallberg,GAIS för Göteborgsalliansen Mittfältare född 18 mars 1967,Q5,https://goteborgsalliansen.se/spelare/Thomas+Hallberg_379
Thomas+Larsson_349,Thomas Larsson,Örgryte IS för Göteborgsalliansen Anfallare född 20 januari 1955,Q5,https://goteborgsalliansen.se/spelare/Thomas+Larsson_349
Thomas+Madsen_372,Thomas Madsen,Örgryte IS för Göteborgsalliansen Mittfältare född 19 januari 1962,Q5,https://goteborgsalliansen.se/spelare/Thomas+Madsen_372
Thomas+Ravelli_368,Thomas Ravelli,IFK Göteborg för Göteborgsalliansen Målvakt född 13 augusti 1959,Q5,https://goteborgsalliansen.se/spelare/Thomas+Ravelli_368
Tomas+Jönsson_376,Tomas Jönsson,GAIS för Göteborgsalliansen Mittfältare född 25 januari 1969,Q5,https://goteborgsalliansen.se/spelare/Tomas+J%C3%B6nsson_376
Torbjörn+Nilsson_342,Torbjörn Nilsson,IFK Göteborg för Göteborgsalliansen Anfallare född 9 juli 1954,Q5,https://goteborgsalliansen.se/spelare/Torbj%C3%B6rn+Nilsson_342
Tord+Svanström_232,Tord Svanström,Örgryte IS för Göteborgsalliansen Mittfältare född 16 september 1928,Q5,https://goteborgsalliansen.se/spelare/Tord+Svanstr%C3%B6m_232
Torilld+Larsson_12,Torilld Larsson,IFK Göteborg för Göteborgsalliansen Försvarare född 5 januari 1908,Q5,https://goteborgsalliansen.se/spelare/Torilld+Larsson_12
Torsten+Svensson_21,Torsten Svensson,GAIS för Göteborgsalliansen Anfallare född 8 oktober 1901,Q5,https://goteborgsalliansen.se/spelare/Torsten+Svensson_21
Tryggve+Granqvist_211,Tryggve Granqvist,IFK Göteborg för Göteborgsalliansen Anfallare född 25 december 1925,Q5,https://goteborgsalliansen.se/spelare/Tryggve+Granqvist_211
Valdus+Lund_29,Valdus Lund,IFK Göteborg för Göteborgsalliansen Försvarare född 4 april 1895,Q5,https://goteborgsalliansen.se/spelare/Valdus+Lund_29
Vallentin+Hultén_92,Vallentin Hultén,IFK Göteborg för Göteborgsalliansen Försvarare född 14 februari 1911,Q5,https://goteborgsalliansen.se/spelare/Vallentin+Hult%C3%A9n_92
Vallentin+Skoglund_51,Vallentin Skoglund,IFK Göteborg för Göteborgsalliansen Målvakt född 22 juni 1896,Q5,https://goteborgsalliansen.se/spelare/Vallentin+Skoglund_51
Verner+Andersson_17,Verner Andersson,IFK Göteborg och Gårda BK för Göteborgsalliansen Mittfältare född 3 juni 1904,Q5,https://goteborgsalliansen.se/spelare/Verner+Andersson_17
Viktor+Carlund_93,Viktor Carlund,Örgryte IS för Göteborgsalliansen Mittfältare född 5 februari 1906,Q5,https://goteborgsalliansen.se/spelare/Viktor+Carlund_93
Viktor+Hansson_55,Viktor Hansson,IFK Göteborg för Göteborgsalliansen Anfallare född 26 augusti 1893,Q5,https://goteborgsalliansen.se/spelare/Viktor+Hansson_55
Viktor+Wallin_115,Viktor Wallin,IFK Göteborg för Göteborgsalliansen Mittfältare född 30 december 1911,Q5,https://goteborgsalliansen.se/spelare/Viktor+Wallin_115
Vilgot+Schwartz_233,Vilgot Schwartz,Örgryte IS för Göteborgsalliansen Mittfältare född 11 mars 1936,Q5,https://goteborgsalliansen.se/spelare/Vilgot+Schwartz_233
Walter+Karlsson_116,Walter Karlsson,GAIS för Göteborgsalliansen Anfallare född 2 december 1908,Q5,https://goteborgsalliansen.se/spelare/Walter+Karlsson_116
Willis+Karlsson_157,Willis Karlsson,Billingsfors IK för Göteborgsalliansen Anfallare född 25 juni 1914,Q5,https://goteborgsalliansen.se/spelare/Willis+Karlsson_157
Yngve+Bergfelt_204,Yngve Bergfelt,Örgryte IS för Göteborgsalliansen Målvakt född 17 april 1927,Q5,https://goteborgsalliansen.se/spelare/Yngve+Bergfelt_204
Yngve+Brodd_267,Yngve Brodd,IFK Göteborg för Göteborgsalliansen Anfallare född 9 juni 1930,Q5,https://goteborgsalliansen.se/spelare/Yngve+Brodd_267
Yngve+Källkvist_335,Yngve Källkvist,Örgryte IS för Göteborgsalliansen Målvakt född 16 januari 1949,Q5,https://goteborgsalliansen.se/spelare/Yngve+K%C3%A4llkvist_335
Yngve+Lindegren_163,Yngve Lindegren,Örgryte IS för Göteborgsalliansen Anfallare född 26 april 1912,Q5,https://goteborgsalliansen.se/spelare/Yngve+Lindegren_163
Yngve+Nykvist_259,Yngve Nykvist,GAIS för Göteborgsalliansen Mittfältare född 19 november 1934,Q5,https://goteborgsalliansen.se/spelare/Yngve+Nykvist_259
Yngve+Samuelsson_297,Yngve Samuelsson,GAIS för Göteborgsalliansen Försvarare född 12 februari 1941,Q5,https://goteborgsalliansen.se/spelare/Yngve+Samuelsson_297
