id,name,desc
Suleiman-Abdullahi_734,ABDULLAHI Suleiman,Spelare i IFK Göteborg (ifkdb.se ID Suleiman-Abdullahi_734)
Jan-%C3%85berg_736,ÅBERG Jan,Spelare i IFK Göteborg (ifkdb.se ID Jan-%C3%85berg_736)
Paulos-Abraham_985,ABRAHAM Paulos,Spelare i IFK Göteborg (ifkdb.se ID Paulos-Abraham_985)
Sargon-Abraham_881,ABRAHAM Sargon,Spelare i IFK Göteborg (ifkdb.se ID Sargon-Abraham_881)
Harvid-Abrahamsson_1,ABRAHAMSSON Harvid,Spelare i IFK Göteborg (ifkdb.se ID Harvid-Abrahamsson_1)
Henok-Abrahamsson_2,ABRAHAMSSON Henok,Spelare i IFK Göteborg (ifkdb.se ID Henok-Abrahamsson_2)
Sam-Adekugbe_869,ADEKUGBE Sam,Spelare i IFK Göteborg (ifkdb.se ID Sam-Adekugbe_869)
Mustapha-Adio+Ojora_961,ADIO OJORA Mustapha,Spelare i IFK Göteborg (ifkdb.se ID Mustapha-Adio+Ojora_961)
Amin-Affane_877,AFFANE Amin,Spelare i IFK Göteborg (ifkdb.se ID Amin-Affane_877)
Bror-Agern%C3%A4s_3,AGERNÄS Bror,Spelare i IFK Göteborg (ifkdb.se ID Bror-Agern%C3%A4s_3)
Thomas-%C3%85gren_737,ÅGREN Thomas,Spelare i IFK Göteborg (ifkdb.se ID Thomas-%C3%85gren_737)
Anders-Ahlberg_4,AHLBERG Anders,Spelare i IFK Göteborg (ifkdb.se ID Anders-Ahlberg_4)
Lars-Erik-Ahlberg_921,AHLBERG Lars-Erik,Spelare i IFK Göteborg (ifkdb.se ID Lars-Erik-Ahlberg_921)
Lars-Gunnar-Ahlberg_5,AHLBERG Lars-Gunnar,Spelare i IFK Göteborg (ifkdb.se ID Lars-Gunnar-Ahlberg_5)
Hosam-Aiesh_906,AIESH Hosam,Spelare i IFK Göteborg (ifkdb.se ID Hosam-Aiesh_906)
Mauritz-%C3%85kervall_738,ÅKERVALL Mauritz,Spelare i IFK Göteborg (ifkdb.se ID Mauritz-%C3%85kervall_738)
Amir-Al-Ammari_940,AL-AMMARI Amir,Spelare i IFK Göteborg (ifkdb.se ID Amir-Al-Ammari_940)
Mohanad-Al-Jarah_977,AL-JARAH Mohanad,Spelare i IFK Göteborg (ifkdb.se ID Mohanad-Al-Jarah_977)
Leif-Albinsson_7,ALBINSSON Leif,Spelare i IFK Göteborg (ifkdb.se ID Leif-Albinsson_7)
Rein-Albo_8,ALBO Rein,Spelare i IFK Göteborg (ifkdb.se ID Rein-Albo_8)
Mauricio-Albornoz_862,ALBORNOZ Mauricio,Spelare i IFK Göteborg (ifkdb.se ID Mauricio-Albornoz_862)
Mads-Alb%C3%A6k_851,ALBÆK Mads,Spelare i IFK Göteborg (ifkdb.se ID Mads-Alb%C3%A6k_851)
Villy-Aldebrink+%28Andersson%29_75,ALDEBRINK Villy,Spelare i IFK Göteborg (ifkdb.se ID Villy-Aldebrink+%28Andersson%29_75)
Haitam-Aleesami_847,ALEESAMI Haitam,Spelare i IFK Göteborg (ifkdb.se ID Haitam-Aleesami_847)
Daniel-Alexandersson_746,ALEXANDERSSON Daniel,Spelare i IFK Göteborg (ifkdb.se ID Daniel-Alexandersson_746)
Niclas-Alexandersson_9,ALEXANDERSSON Niclas,Spelare i IFK Göteborg (ifkdb.se ID Niclas-Alexandersson_9)
Noah-Alexandersson_901,ALEXANDERSSON Noah,Spelare i IFK Göteborg (ifkdb.se ID Noah-Alexandersson_901)
Ruben-Alexandersson_10,ALEXANDERSSON Ruben,Spelare i IFK Göteborg (ifkdb.se ID Ruben-Alexandersson_10)
Axel-Alfredsson_11,ALFREDSSON Axel,Spelare i IFK Göteborg (ifkdb.se ID Axel-Alfredsson_11)
Gunde-Algeb%C3%A4ck_12,ALGEBÄCK Gunde,Spelare i IFK Göteborg (ifkdb.se ID Gunde-Algeb%C3%A4ck_12)
Saidou-Alioum_1001,ALIOUM Saidou,Spelare i IFK Göteborg (ifkdb.se ID Saidou-Alioum_1001)
Joel-Allansson_747,ALLANSSON Joel,Spelare i IFK Göteborg (ifkdb.se ID Joel-Allansson_747)
Henry-Almborg_13,ALMBORG Henry,Spelare i IFK Göteborg (ifkdb.se ID Henry-Almborg_13)
Henry-Alm%C3%A9n_14,ALMÉN Henry,Spelare i IFK Göteborg (ifkdb.se ID Henry-Alm%C3%A9n_14)
Reine-Almqvist_15,ALMQVIST Reine,Spelare i IFK Göteborg (ifkdb.se ID Reine-Almqvist_15)
Rolf-Almqvist_16,ALMQVIST Rolf,Spelare i IFK Göteborg (ifkdb.se ID Rolf-Almqvist_16)
Erik-Alstam_6,ALSTAM Erik,Spelare i IFK Göteborg (ifkdb.se ID Erik-Alstam_6)
John-Alvb%C3%A5ge_748,ALVBÅGE John,Spelare i IFK Göteborg (ifkdb.se ID John-Alvb%C3%A5ge_748)
Filip-Ambro%C5%BE_931,AMBROŽ Filip,Spelare i IFK Göteborg (ifkdb.se ID Filip-Ambro%C5%BE_931)
Sixten-Ammerfelt+%28Andersson%29_66,AMMERFELT Sixten,Spelare i IFK Göteborg (ifkdb.se ID Sixten-Ammerfelt+%28Andersson%29_66)
Tom-Amos_887,AMOS Tom,Spelare i IFK Göteborg (ifkdb.se ID Tom-Amos_887)
Niklas-Andersen_749,ANDERSEN Niklas,Spelare i IFK Göteborg (ifkdb.se ID Niklas-Andersen_749)
Anders-Andersson_174,ANDERSSON Anders,Spelare i IFK Göteborg (ifkdb.se ID Anders-Andersson_174)
Andreas-Andersson_20,ANDERSSON Andreas,Spelare i IFK Göteborg (ifkdb.se ID Andreas-Andersson_20)
Arne-Andersson_21,ANDERSSON Arne,Spelare i IFK Göteborg (ifkdb.se ID Arne-Andersson_21)
Arnold-Andersson_22,ANDERSSON Arnold,Spelare i IFK Göteborg (ifkdb.se ID Arnold-Andersson_22)
Arthur-Andersson_23,ANDERSSON Arthur,Spelare i IFK Göteborg (ifkdb.se ID Arthur-Andersson_23)
Bengt-Andersson_24,ANDERSSON Bengt,Spelare i IFK Göteborg (ifkdb.se ID Bengt-Andersson_24)
Bo-Andersson_25,ANDERSSON Bo,Spelare i IFK Göteborg (ifkdb.se ID Bo-Andersson_25)
Carl-Fredrik-Andersson_27,ANDERSSON Carl-Fredrik,Spelare i IFK Göteborg (ifkdb.se ID Carl-Fredrik-Andersson_27)
Clas-Andersson_41,ANDERSSON Clas,Spelare i IFK Göteborg (ifkdb.se ID Clas-Andersson_41)
David-Andersson_28,ANDERSSON David,Spelare i IFK Göteborg (ifkdb.se ID David-Andersson_28)
Dick-Andersson_29,ANDERSSON Dick,Spelare i IFK Göteborg (ifkdb.se ID Dick-Andersson_29)
Einar-Andersson_30,ANDERSSON Einar,Spelare i IFK Göteborg (ifkdb.se ID Einar-Andersson_30)
Erik-Andersson_31,ANDERSSON Erik,Spelare i IFK Göteborg (ifkdb.se ID Erik-Andersson_31)
Ernst-Andersson_32,ANDERSSON Ernst,Spelare i IFK Göteborg (ifkdb.se ID Ernst-Andersson_32)
Evald-Andersson_33,ANDERSSON Evald,Spelare i IFK Göteborg (ifkdb.se ID Evald-Andersson_33)
Fredrik-Andersson_34,ANDERSSON Fredrik,Spelare i IFK Göteborg (ifkdb.se ID Fredrik-Andersson_34)
Georg-Andersson_35,ANDERSSON Georg,Spelare i IFK Göteborg (ifkdb.se ID Georg-Andersson_35)
G%C3%B6sta-Andersson_39,ANDERSSON Gösta,Spelare i IFK Göteborg (ifkdb.se ID G%C3%B6sta-Andersson_39)
G%C3%B6te-Andersson_40,ANDERSSON Göte,Spelare i IFK Göteborg (ifkdb.se ID G%C3%B6te-Andersson_40)
Gunnar-Andersson_37,ANDERSSON Gunnar,Spelare i IFK Göteborg (ifkdb.se ID Gunnar-Andersson_37)
Gustaf-Andersson_38,ANDERSSON Gustaf,Spelare i IFK Göteborg (ifkdb.se ID Gustaf-Andersson_38)
Helge-Andersson_42,ANDERSSON Helge,Spelare i IFK Göteborg (ifkdb.se ID Helge-Andersson_42)
Henry-Andersson_44,ANDERSSON Henry,Spelare i IFK Göteborg (ifkdb.se ID Henry-Andersson_44)
Ivar-Andersson_45,ANDERSSON Ivar,Spelare i IFK Göteborg (ifkdb.se ID Ivar-Andersson_45)
John-Andersson_912,ANDERSSON John,Spelare i IFK Göteborg (ifkdb.se ID John-Andersson_912)
John-Andersson_46,ANDERSSON John,Spelare i IFK Göteborg (ifkdb.se ID John-Andersson_46)
John-Andersson_47,ANDERSSON John,Spelare i IFK Göteborg (ifkdb.se ID John-Andersson_47)
Karl-Andersson_952,ANDERSSON Karl,Spelare i IFK Göteborg (ifkdb.se ID Karl-Andersson_952)
Karl-Andersson_48,ANDERSSON Karl,Spelare i IFK Göteborg (ifkdb.se ID Karl-Andersson_48)
Kennet-Andersson_49,ANDERSSON Kennet,Spelare i IFK Göteborg (ifkdb.se ID Kennet-Andersson_49)
Kent-Andersson_50,ANDERSSON Kent,Spelare i IFK Göteborg (ifkdb.se ID Kent-Andersson_50)
Kevin-Andersson_898,ANDERSSON Kevin,Spelare i IFK Göteborg (ifkdb.se ID Kevin-Andersson_898)
Lars-Andersson_51,ANDERSSON Lars,Spelare i IFK Göteborg (ifkdb.se ID Lars-Andersson_51)
Leif-Andersson_52,ANDERSSON Leif,Spelare i IFK Göteborg (ifkdb.se ID Leif-Andersson_52)
Lennart-Andersson_53,ANDERSSON Lennart,Spelare i IFK Göteborg (ifkdb.se ID Lennart-Andersson_53)
Lennart-Andersson_54,ANDERSSON Lennart,Spelare i IFK Göteborg (ifkdb.se ID Lennart-Andersson_54)
Lindoff-Andersson_55,ANDERSSON Lindoff,Spelare i IFK Göteborg (ifkdb.se ID Lindoff-Andersson_55)
Michael-Andersson_56,ANDERSSON Michael,Spelare i IFK Göteborg (ifkdb.se ID Michael-Andersson_56)
Mikael-Andersson_750,ANDERSSON Mikael,Spelare i IFK Göteborg (ifkdb.se ID Mikael-Andersson_750)
Nils-Andersson_57,ANDERSSON Nils,Spelare i IFK Göteborg (ifkdb.se ID Nils-Andersson_57)
Oscar-Andersson_58,ANDERSSON Oscar,Spelare i IFK Göteborg (ifkdb.se ID Oscar-Andersson_58)
Otto-Andersson_59,ANDERSSON Otto,Spelare i IFK Göteborg (ifkdb.se ID Otto-Andersson_59)
Patric-Andersson_60,ANDERSSON Patric,Spelare i IFK Göteborg (ifkdb.se ID Patric-Andersson_60)
Peter-Andersson_61,ANDERSSON Peter,Spelare i IFK Göteborg (ifkdb.se ID Peter-Andersson_61)
Raymond-Andersson_62,ANDERSSON Raymond,Spelare i IFK Göteborg (ifkdb.se ID Raymond-Andersson_62)
Robert-Andersson_63,ANDERSSON Robert,Spelare i IFK Göteborg (ifkdb.se ID Robert-Andersson_63)
Roger-Andersson_64,ANDERSSON Roger,Spelare i IFK Göteborg (ifkdb.se ID Roger-Andersson_64)
Rolf-Andersson_924,ANDERSSON Rolf,Spelare i IFK Göteborg (ifkdb.se ID Rolf-Andersson_924)
Stefan-Andersson_67,ANDERSSON Stefan,Spelare i IFK Göteborg (ifkdb.se ID Stefan-Andersson_67)
Stellan-Andersson_68,ANDERSSON Stellan,Spelare i IFK Göteborg (ifkdb.se ID Stellan-Andersson_68)
Sven-Andersson_69,ANDERSSON Sven,Spelare i IFK Göteborg (ifkdb.se ID Sven-Andersson_69)
Tage-Andersson_70,ANDERSSON Tage,Spelare i IFK Göteborg (ifkdb.se ID Tage-Andersson_70)
Teodor-Andersson_71,ANDERSSON Teodor,Spelare i IFK Göteborg (ifkdb.se ID Teodor-Andersson_71)
Thomas-Andersson_73,ANDERSSON Thomas,Spelare i IFK Göteborg (ifkdb.se ID Thomas-Andersson_73)
Verner-Andersson_74,ANDERSSON Verner,Spelare i IFK Göteborg (ifkdb.se ID Verner-Andersson_74)
Viktor-Andersson_1012,ANDERSSON Viktor,Spelare i IFK Göteborg (ifkdb.se ID Viktor-Andersson_1012)
Conny-Andreasson_76,ANDREASSON Conny,Spelare i IFK Göteborg (ifkdb.se ID Conny-Andreasson_76)
Kenny-Andr%C3%A9n_77,ANDRÉN Kenny,Spelare i IFK Göteborg (ifkdb.se ID Kenny-Andr%C3%A9n_77)
Johan-Anegrund_78,ANEGRUND Johan,Spelare i IFK Göteborg (ifkdb.se ID Johan-Anegrund_78)
Giannis-Anestis_899,ANESTIS Giannis,Spelare i IFK Göteborg (ifkdb.se ID Giannis-Anestis_899)
Jakob-Ankersen_858,ANKERSEN Jakob,Spelare i IFK Göteborg (ifkdb.se ID Jakob-Ankersen_858)
Henry-Antfors+%28Andersson%29_43,ANTFORS Henry,Spelare i IFK Göteborg (ifkdb.se ID Henry-Antfors+%28Andersson%29_43)
Mikael-Antonsson_79,ANTONSSON Mikael,Spelare i IFK Göteborg (ifkdb.se ID Mikael-Antonsson_79)
Arne-Appelgren_80,APPELGREN Arne,Spelare i IFK Göteborg (ifkdb.se ID Arne-Appelgren_80)
Joel-Appelgren_81,APPELGREN Joel,Spelare i IFK Göteborg (ifkdb.se ID Joel-Appelgren_81)
Sven-Appelgren_82,APPELGREN Sven,Spelare i IFK Göteborg (ifkdb.se ID Sven-Appelgren_82)
Gunnar-Arcadius_83,ARCADIUS Gunnar,Spelare i IFK Göteborg (ifkdb.se ID Gunnar-Arcadius_83)
Lars-Erik-Arvelin_84,ARVELIN Lars-Erik,Spelare i IFK Göteborg (ifkdb.se ID Lars-Erik-Arvelin_84)
Nicklas-Asp_752,ASP Nicklas,Spelare i IFK Göteborg (ifkdb.se ID Nicklas-Asp_752)
Vilgot-Aspengren_85,ASPENGREN Vilgot,Spelare i IFK Göteborg (ifkdb.se ID Vilgot-Aspengren_85)
William-Atashkadeh_753,ATASHKADEH William,Spelare i IFK Göteborg (ifkdb.se ID William-Atashkadeh_753)
Bernt-Attemalm_86,ATTEMALM Bernt,Spelare i IFK Göteborg (ifkdb.se ID Bernt-Attemalm_86)
Ludwig-Augustinsson_754,AUGUSTINSSON Ludwig,Spelare i IFK Göteborg (ifkdb.se ID Ludwig-Augustinsson_754)
Kenth-Augustsson_87,AUGUSTSSON Kenth,Spelare i IFK Göteborg (ifkdb.se ID Kenth-Augustsson_87)
Torsten-Augustsson_88,AUGUSTSSON Torsten,Spelare i IFK Göteborg (ifkdb.se ID Torsten-Augustsson_88)
Jonathan-Azulay_755,AZULAY Jonathan,Spelare i IFK Göteborg (ifkdb.se ID Jonathan-Azulay_755)
Nikolai-Baden_993,BADEN Nikolai,Spelare i IFK Göteborg (ifkdb.se ID Nikolai-Baden_993)
Jonas-Bager_988,BAGER Jonas,Spelare i IFK Göteborg (ifkdb.se ID Jonas-Bager_988)
Ulf-B%C3%A5ng+%28Johansson%29_356,BÅNG Ulf,Spelare i IFK Göteborg (ifkdb.se ID Ulf-B%C3%A5ng+%28Johansson%29_356)
Johan-B%C3%A5ngsbo_944,BÅNGSBO Johan,Spelare i IFK Göteborg (ifkdb.se ID Johan-B%C3%A5ngsbo_944)
Nicklas-B%C3%A4rkroth_765,BÄRKROTH Nicklas,Spelare i IFK Göteborg (ifkdb.se ID Nicklas-B%C3%A4rkroth_765)
Stefan-B%C3%A4rlin_135,BÄRLIN Stefan,Spelare i IFK Göteborg (ifkdb.se ID Stefan-B%C3%A4rlin_135)
Elis-Barlind_983,BARLIND Elis,Spelare i IFK Göteborg (ifkdb.se ID Elis-Barlind_983)
Junes-Barny_902,BARNY Junes,Spelare i IFK Göteborg (ifkdb.se ID Junes-Barny_902)
Lee-Baxter_756,BAXTER Lee,Spelare i IFK Göteborg (ifkdb.se ID Lee-Baxter_756)
Jan-Bender_90,BENDER Jan,Spelare i IFK Göteborg (ifkdb.se ID Jan-Bender_90)
Adam+Ingi-Benediktsson_937,BENEDIKTSSON Adam Ingi,Spelare i IFK Göteborg (ifkdb.se ID Adam+Ingi-Benediktsson_937)
%C3%85ke-Bengtsson_95,BENGTSSON Åke,Spelare i IFK Göteborg (ifkdb.se ID %C3%85ke-Bengtsson_95)
Algot-Bengtsson_91,BENGTSSON Algot,Spelare i IFK Göteborg (ifkdb.se ID Algot-Bengtsson_91)
Patrik-Bengtsson_93,BENGTSSON Patrik,Spelare i IFK Göteborg (ifkdb.se ID Patrik-Bengtsson_93)
Sture-Bengtsson_94,BENGTSSON Sture,Spelare i IFK Göteborg (ifkdb.se ID Sture-Bengtsson_94)
Holger-Bennhov+%28Bengtsson%29_92,BENNHOV Holger,Spelare i IFK Göteborg (ifkdb.se ID Holger-Bennhov+%28Bengtsson%29_92)
Lion-Beqiri_980,BEQIRI Lion,Spelare i IFK Göteborg (ifkdb.se ID Lion-Beqiri_980)
Bror-Berg_97,BERG Bror,Spelare i IFK Göteborg (ifkdb.se ID Bror-Berg_97)
Fritz-Berg_98,BERG Fritz,Spelare i IFK Göteborg (ifkdb.se ID Fritz-Berg_98)
Jonatan-Berg_758,BERG Jonatan,Spelare i IFK Göteborg (ifkdb.se ID Jonatan-Berg_758)
Kent-Berg_99,BERG Kent,Spelare i IFK Göteborg (ifkdb.se ID Kent-Berg_99)
Marcus-Berg_757,BERG Marcus,Spelare i IFK Göteborg (ifkdb.se ID Marcus-Berg_757)
Harry-Bergelin_102,BERGELIN Harry,Spelare i IFK Göteborg (ifkdb.se ID Harry-Bergelin_102)
Hans-Bergendahl_100,BERGENDAHL Hans,Spelare i IFK Göteborg (ifkdb.se ID Hans-Bergendahl_100)
Fred-Berglin_908,BERGLIN Fred,Spelare i IFK Göteborg (ifkdb.se ID Fred-Berglin_908)
Olof-Berglund_103,BERGLUND Olof,Spelare i IFK Göteborg (ifkdb.se ID Olof-Berglund_103)
Evert-Bergman_104,BERGMAN Evert,Spelare i IFK Göteborg (ifkdb.se ID Evert-Bergman_104)
Jakob-Bergman_861,BERGMAN Jakob,Spelare i IFK Göteborg (ifkdb.se ID Jakob-Bergman_861)
Uno-Bergman_105,BERGMAN Uno,Spelare i IFK Göteborg (ifkdb.se ID Uno-Bergman_105)
Adam-Bergmark+Wiberg_1013,BERGMARK WIBERG Adam,Spelare i IFK Göteborg (ifkdb.se ID Adam-Bergmark+Wiberg_1013)
Erik-Bergqvist_101,BERGQVIST Erik,Spelare i IFK Göteborg (ifkdb.se ID Erik-Bergqvist_101)
Algot-Bergstr%C3%B6m_106,BERGSTRÖM Algot,Spelare i IFK Göteborg (ifkdb.se ID Algot-Bergstr%C3%B6m_106)
Erik-Bergstr%C3%B6m_109,BERGSTRÖM Erik,Spelare i IFK Göteborg (ifkdb.se ID Erik-Bergstr%C3%B6m_109)
Henrik-Bergstr%C3%B6m_107,BERGSTRÖM Henrik,Spelare i IFK Göteborg (ifkdb.se ID Henrik-Bergstr%C3%B6m_107)
Ralph-Bergstr%C3%B6m_108,BERGSTRÖM Ralph,Spelare i IFK Göteborg (ifkdb.se ID Ralph-Bergstr%C3%B6m_108)
Bengt-Berndtsson_110,BERNDTSSON Bengt,Spelare i IFK Göteborg (ifkdb.se ID Bengt-Berndtsson_110)
Elis-Berndtsson_111,BERNDTSSON Elis,Spelare i IFK Göteborg (ifkdb.se ID Elis-Berndtsson_111)
Harry-Berndtsson_112,BERNDTSSON Harry,Spelare i IFK Göteborg (ifkdb.se ID Harry-Berndtsson_112)
Harry-Berndtsson_923,BERNDTSSON Harry,Spelare i IFK Göteborg (ifkdb.se ID Harry-Berndtsson_923)
Per-Olof-Berndtsson_114,BERNDTSSON Per-Olof,Spelare i IFK Göteborg (ifkdb.se ID Per-Olof-Berndtsson_114)
Anders-Bernmar+%28Andersson%29_19,BERNMAR Anders,Spelare i IFK Göteborg (ifkdb.se ID Anders-Bernmar+%28Andersson%29_19)
Algot-Berntsson_113,BERNTSSON Algot,Spelare i IFK Göteborg (ifkdb.se ID Algot-Berntsson_113)
Bengt-Bertilsson_115,BERTILSSON Bengt,Spelare i IFK Göteborg (ifkdb.se ID Bengt-Bertilsson_115)
Elis-Bishesari_960,BISHESARI Elis,Spelare i IFK Göteborg (ifkdb.se ID Elis-Bishesari_960)
Theodor+Elmar-Bjarnason_759,BJARNASON Theodor Elmar,Spelare i IFK Göteborg (ifkdb.se ID Theodor+Elmar-Bjarnason_759)
Mattias-Bj%C3%A4rsmyr_760,BJÄRSMYR Mattias,Spelare i IFK Göteborg (ifkdb.se ID Mattias-Bj%C3%A4rsmyr_760)
Bill-Bj%C3%B6rklund_117,BJÖRKLUND Bill,Spelare i IFK Göteborg (ifkdb.se ID Bill-Bj%C3%B6rklund_117)
Joachim-Bj%C3%B6rklund_118,BJÖRKLUND Joachim,Spelare i IFK Göteborg (ifkdb.se ID Joachim-Bj%C3%B6rklund_118)
Leif-Bj%C3%B6rkman_119,BJÖRKMAN Leif,Spelare i IFK Göteborg (ifkdb.se ID Leif-Bj%C3%B6rkman_119)
Petter-Bj%C3%B6rlund_761,BJÖRLUND Petter,Spelare i IFK Göteborg (ifkdb.se ID Petter-Bj%C3%B6rlund_761)
Sam-Bjur_116,BJUR Sam,Spelare i IFK Göteborg (ifkdb.se ID Sam-Bjur_116)
Henrik-Bj%C3%B8rdal_872,BJØRDAL Henrik,Spelare i IFK Göteborg (ifkdb.se ID Henrik-Bj%C3%B8rdal_872)
Ralf-Blom_120,BLOM Ralf,Spelare i IFK Göteborg (ifkdb.se ID Ralf-Blom_120)
Hans-Blomqvist_121,BLOMQVIST Hans,Spelare i IFK Göteborg (ifkdb.se ID Hans-Blomqvist_121)
Jesper-Blomqvist_122,BLOMQVIST Jesper,Spelare i IFK Göteborg (ifkdb.se ID Jesper-Blomqvist_122)
Rolf-Blomqvist_123,BLOMQVIST Rolf,Spelare i IFK Göteborg (ifkdb.se ID Rolf-Blomqvist_123)
Karl-Bohm_762,BOHM Karl,Spelare i IFK Göteborg (ifkdb.se ID Karl-Bohm_762)
G%C3%B6sta-Bohman_124,BOHMAN Gösta,Spelare i IFK Göteborg (ifkdb.se ID G%C3%B6sta-Bohman_124)
Darijan-Bojanic_763,BOJANIC Darijan,Spelare i IFK Göteborg (ifkdb.se ID Darijan-Bojanic_763)
Mikael-Boman_844,BOMAN Mikael,Spelare i IFK Göteborg (ifkdb.se ID Mikael-Boman_844)
Hans-Bomb_125,BOMB Hans,Spelare i IFK Göteborg (ifkdb.se ID Hans-Bomb_125)
David-Boo+Wiklander_726,BOO WIKLANDER David,Spelare i IFK Göteborg (ifkdb.se ID David-Boo+Wiklander_726)
Alfons-Bor%C3%A9n_982,BORÉN Alfons,Spelare i IFK Göteborg (ifkdb.se ID Alfons-Bor%C3%A9n_982)
Georg-Borg_126,BORG Georg,Spelare i IFK Göteborg (ifkdb.se ID Georg-Borg_126)
%C3%85ke-B%C3%B6rjesson_138,BÖRJESSON Åke,Spelare i IFK Göteborg (ifkdb.se ID %C3%85ke-B%C3%B6rjesson_138)
Erik-B%C3%B6rjesson_136,BÖRJESSON Erik,Spelare i IFK Göteborg (ifkdb.se ID Erik-B%C3%B6rjesson_136)
Reino-B%C3%B6rjesson_137,BÖRJESSON Reino,Spelare i IFK Göteborg (ifkdb.se ID Reino-B%C3%B6rjesson_137)
Rolf-Borss%C3%A9n_127,BORSSÉN Rolf,Spelare i IFK Göteborg (ifkdb.se ID Rolf-Borss%C3%A9n_127)
Roberth-B%C3%B6rve_139,BÖRVE Roberth,Spelare i IFK Göteborg (ifkdb.se ID Roberth-B%C3%B6rve_139)
Harry-Branting_128,BRANTING Harry,Spelare i IFK Göteborg (ifkdb.se ID Harry-Branting_128)
Benjamin-Brantlind_976,BRANTLIND Benjamin,Spelare i IFK Göteborg (ifkdb.se ID Benjamin-Brantlind_976)
Tobias-Bratt_764,BRATT Tobias,Spelare i IFK Göteborg (ifkdb.se ID Tobias-Bratt_764)
Bror-Brink_129,BRINK Bror,Spelare i IFK Göteborg (ifkdb.se ID Bror-Brink_129)
Yngve-Brodd_130,BRODD Yngve,Spelare i IFK Göteborg (ifkdb.se ID Yngve-Brodd_130)
Oliwer-Brodin_962,BRODIN Oliwer,Spelare i IFK Göteborg (ifkdb.se ID Oliwer-Brodin_962)
Allan-Brufelt+%28Andersson%29_18,BRUFELT Allan,Spelare i IFK Göteborg (ifkdb.se ID Allan-Brufelt+%28Andersson%29_18)
Andreas-Brunb%C3%A4ck_131,BRUNBÄCK Andreas,Spelare i IFK Göteborg (ifkdb.se ID Andreas-Brunb%C3%A4ck_131)
Hans-Brunb%C3%A4ck_132,BRUNBÄCK Hans,Spelare i IFK Göteborg (ifkdb.se ID Hans-Brunb%C3%A4ck_132)
Fredrik-Bryngelsson_134,BRYNGELSSON Fredrik,Spelare i IFK Göteborg (ifkdb.se ID Fredrik-Bryngelsson_134)
Peter-Caban_140,CABAN Peter,Spelare i IFK Göteborg (ifkdb.se ID Peter-Caban_140)
Andr%C3%A9-Calisir_884,CALISIR André,Spelare i IFK Göteborg (ifkdb.se ID Andr%C3%A9-Calisir_884)
Diego-Calvo_766,CALVO Diego,Spelare i IFK Göteborg (ifkdb.se ID Diego-Calvo_766)
Benny-Canefur_153,CANEFUR Benny,Spelare i IFK Göteborg (ifkdb.se ID Benny-Canefur_153)
S%C3%B6ren-Canefur_141,CANEFUR Sören,Spelare i IFK Göteborg (ifkdb.se ID S%C3%B6ren-Canefur_141)
Adam-Carl%C3%A9n_958,CARLÉN Adam,Spelare i IFK Göteborg (ifkdb.se ID Adam-Carl%C3%A9n_958)
Ulf-Carlgren_142,CARLGREN Ulf,Spelare i IFK Göteborg (ifkdb.se ID Ulf-Carlgren_142)
Alexander-Carlsson_1011,CARLSSON Alexander,Spelare i IFK Göteborg (ifkdb.se ID Alexander-Carlsson_1011)
Algot-Carlsson_143,CARLSSON Algot,Spelare i IFK Göteborg (ifkdb.se ID Algot-Carlsson_143)
Bengt-Carlsson_144,CARLSSON Bengt,Spelare i IFK Göteborg (ifkdb.se ID Bengt-Carlsson_144)
Bror-Carlsson_145,CARLSSON Bror,Spelare i IFK Göteborg (ifkdb.se ID Bror-Carlsson_145)
Erik-Carlsson_146,CARLSSON Erik,Spelare i IFK Göteborg (ifkdb.se ID Erik-Carlsson_146)
Jan-Carlsson_147,CARLSSON Jan,Spelare i IFK Göteborg (ifkdb.se ID Jan-Carlsson_147)
Jerry-Carlsson_148,CARLSSON Jerry,Spelare i IFK Göteborg (ifkdb.se ID Jerry-Carlsson_148)
John-Carlsson_378,CARLSSON John,Spelare i IFK Göteborg (ifkdb.se ID John-Carlsson_378)
Lennart-Carlsson_381,CARLSSON Lennart,Spelare i IFK Göteborg (ifkdb.se ID Lennart-Carlsson_381)
Mats-Ola-Carlsson_150,CARLSSON Mats-Ola,Spelare i IFK Göteborg (ifkdb.se ID Mats-Ola-Carlsson_150)
Nicklas-Carlsson_767,CARLSSON Nicklas,Spelare i IFK Göteborg (ifkdb.se ID Nicklas-Carlsson_767)
Jan-Carlstedt+%28Johansson%29_329,CARLSTEDT Jan,Spelare i IFK Göteborg (ifkdb.se ID Jan-Carlstedt+%28Johansson%29_329)
Linus-Carlstrand_946,CARLSTRAND Linus,Spelare i IFK Göteborg (ifkdb.se ID Linus-Carlstrand_946)
Viktor-Carlund_1003,CARLUND Viktor,Spelare i IFK Göteborg (ifkdb.se ID Viktor-Carlund_1003)
Hussein-Carneil_941,CARNEIL Hussein,Spelare i IFK Göteborg (ifkdb.se ID Hussein-Carneil_941)
Kim-Christensen_768,CHRISTENSEN Kim,Spelare i IFK Göteborg (ifkdb.se ID Kim-Christensen_768)
Rolf-Christensson_398,CHRISTENSSON Rolf,Spelare i IFK Göteborg (ifkdb.se ID Rolf-Christensson_398)
Tage-Christoffersson_155,CHRISTOFFERSSON Tage,Spelare i IFK Göteborg (ifkdb.se ID Tage-Christoffersson_155)
Leif-Claesson_156,CLAESSON Leif,Spelare i IFK Göteborg (ifkdb.se ID Leif-Claesson_156)
Rickard-Claesson_157,CLAESSON Rickard,Spelare i IFK Göteborg (ifkdb.se ID Rickard-Claesson_157)
Rune-Claesson_158,CLAESSON Rune,Spelare i IFK Göteborg (ifkdb.se ID Rune-Claesson_158)
Sebastian-Clemmensen_999,CLEMMENSEN Sebastian,Spelare i IFK Göteborg (ifkdb.se ID Sebastian-Clemmensen_999)
Tiago-Coimbra_1010,COIMBRA Tiago,Spelare i IFK Göteborg (ifkdb.se ID Tiago-Coimbra_1010)
Dan-Corneliusson_159,CORNELIUSSON Dan,Spelare i IFK Göteborg (ifkdb.se ID Dan-Corneliusson_159)
Mart%C3%ADn-Crossa_160,CROSSA Martín,Spelare i IFK Göteborg (ifkdb.se ID Mart%C3%ADn-Crossa_160)
Patrick-Cruz_848,CRUZ Patrick,Spelare i IFK Göteborg (ifkdb.se ID Patrick-Cruz_848)
Kristopher-Da+Graca_870,DA GRACA Kristopher,Spelare i IFK Göteborg (ifkdb.se ID Kristopher-Da+Graca_870)
Patrik-Dahbo+%28Karlsson%29_382,DAHBO Patrik,Spelare i IFK Göteborg (ifkdb.se ID Patrik-Dahbo+%28Karlsson%29_382)
Lennart-Dahlberg_161,DAHLBERG Lennart,Spelare i IFK Göteborg (ifkdb.se ID Lennart-Dahlberg_161)
Pontus-Dahlberg_865,DAHLBERG Pontus,Spelare i IFK Göteborg (ifkdb.se ID Pontus-Dahlberg_865)
Erik-Dahlin_769,DAHLIN Erik,Spelare i IFK Göteborg (ifkdb.se ID Erik-Dahlin_769)
Edvin-Dahlqvist_892,DAHLQVIST Edvin,Spelare i IFK Göteborg (ifkdb.se ID Edvin-Dahlqvist_892)
Fredrik-Dahlqvist_162,DAHLQVIST Fredrik,Spelare i IFK Göteborg (ifkdb.se ID Fredrik-Dahlqvist_162)
Isak-Dahlqvist_915,DAHLQVIST Isak,Spelare i IFK Göteborg (ifkdb.se ID Isak-Dahlqvist_915)
Erik-Dahlstr%C3%B6m_163,DAHLSTRÖM Erik,Spelare i IFK Göteborg (ifkdb.se ID Erik-Dahlstr%C3%B6m_163)
Lennart-Danielsson_164,DANIELSSON Lennart,Spelare i IFK Göteborg (ifkdb.se ID Lennart-Danielsson_164)
Sten-Danielsson_166,DANIELSSON Sten,Spelare i IFK Göteborg (ifkdb.se ID Sten-Danielsson_166)
Sven-Danielsson_167,DANIELSSON Sven,Spelare i IFK Göteborg (ifkdb.se ID Sven-Danielsson_167)
Emil-Davidsson_165,DAVIDSSON Emil,Spelare i IFK Göteborg (ifkdb.se ID Emil-Davidsson_165)
Javier-De+Pedro_770,DE PEDRO Javier,Spelare i IFK Göteborg (ifkdb.se ID Javier-De+Pedro_770)
Marcus-Degerlund_880,DEGERLUND Marcus,Spelare i IFK Göteborg (ifkdb.se ID Marcus-Degerlund_880)
Mamadou-Diallo_168,DIALLO Mamadou,Spelare i IFK Göteborg (ifkdb.se ID Mamadou-Diallo_168)
Mix-Diskerud_874,DISKERUD Mix,Spelare i IFK Göteborg (ifkdb.se ID Mix-Diskerud_874)
Rolf-D%C3%B6nell+%28Andersson%29_65,DÖNELL Rolf,Spelare i IFK Göteborg (ifkdb.se ID Rolf-D%C3%B6nell+%28Andersson%29_65)
Andreas-Drugge_771,DRUGGE Andreas,Spelare i IFK Göteborg (ifkdb.se ID Andreas-Drugge_771)
Tord-Dubar_169,DUBAR Tord,Spelare i IFK Göteborg (ifkdb.se ID Tord-Dubar_169)
Mikael-Dyrestam_772,DYRESTAM Mikael,Spelare i IFK Göteborg (ifkdb.se ID Mikael-Dyrestam_772)
Patrick-Dyrestam_773,DYRESTAM Patrick,Spelare i IFK Göteborg (ifkdb.se ID Patrick-Dyrestam_773)
Franklin-Edenholm_170,EDENHOLM Franklin,Spelare i IFK Göteborg (ifkdb.se ID Franklin-Edenholm_170)
Ralf-Edstr%C3%B6m_171,EDSTRÖM Ralf,Spelare i IFK Göteborg (ifkdb.se ID Ralf-Edstr%C3%B6m_171)
Sten-Edstr%C3%B6m_172,EDSTRÖM Sten,Spelare i IFK Göteborg (ifkdb.se ID Sten-Edstr%C3%B6m_172)
Victor-Edvardsen_849,EDVARDSEN Victor,Spelare i IFK Göteborg (ifkdb.se ID Victor-Edvardsen_849)
Erik-Eiserman_173,EISERMAN Erik,Spelare i IFK Göteborg (ifkdb.se ID Erik-Eiserman_173)
Nils-Ekeroth_175,EKEROTH Nils,Spelare i IFK Göteborg (ifkdb.se ID Nils-Ekeroth_175)
Rolf-Ekl%C3%B6f_177,EKLÖF Rolf,Spelare i IFK Göteborg (ifkdb.se ID Rolf-Ekl%C3%B6f_177)
H%C3%A5kan-Eklund_176,EKLUND Håkan,Spelare i IFK Göteborg (ifkdb.se ID H%C3%A5kan-Eklund_176)
Bj%C3%B6rn-Ekman_178,EKMAN Björn,Spelare i IFK Göteborg (ifkdb.se ID Bj%C3%B6rn-Ekman_178)
Carl-Ekman_179,EKMAN Carl,Spelare i IFK Göteborg (ifkdb.se ID Carl-Ekman_179)
Dan-Ekner_180,EKNER Dan,Spelare i IFK Göteborg (ifkdb.se ID Dan-Ekner_180)
Johnny-Ekstr%C3%B6m_181,EKSTRÖM Johnny,Spelare i IFK Göteborg (ifkdb.se ID Johnny-Ekstr%C3%B6m_181)
Josef-El+Dana_182,EL DANA Josef,Spelare i IFK Göteborg (ifkdb.se ID Josef-El+Dana_182)
Karl-Erik-Eliasson_183,ELIASSON Karl-Erik,Spelare i IFK Göteborg (ifkdb.se ID Karl-Erik-Eliasson_183)
G%C3%B6ran-Elovsson_184,ELOVSSON Göran,Spelare i IFK Göteborg (ifkdb.se ID G%C3%B6ran-Elovsson_184)
Rune-Emanuelsson_185,EMANUELSSON Rune,Spelare i IFK Göteborg (ifkdb.se ID Rune-Emanuelsson_185)
Ove-Engstr%C3%B6m_186,ENGSTRÖM Ove,Spelare i IFK Göteborg (ifkdb.se ID Ove-Engstr%C3%B6m_186)
Gustav-Engvall_774,ENGVALL Gustav,Spelare i IFK Göteborg (ifkdb.se ID Gustav-Engvall_774)
Erhan-Erdogan_775,ERDOGAN Erhan,Spelare i IFK Göteborg (ifkdb.se ID Erhan-Erdogan_775)
Ove-Erickson_196,ERICKSON Ove,Spelare i IFK Göteborg (ifkdb.se ID Ove-Erickson_196)
Kurt-Ericsson_188,ERICSSON Kurt,Spelare i IFK Göteborg (ifkdb.se ID Kurt-Ericsson_188)
Martin-Ericsson_189,ERICSSON Martin,Spelare i IFK Göteborg (ifkdb.se ID Martin-Ericsson_189)
P%C3%A4r-Ericsson_776,ERICSSON Pär,Spelare i IFK Göteborg (ifkdb.se ID P%C3%A4r-Ericsson_776)
Bj%C3%B6rn-Eriksson_187,ERIKSSON Björn,Spelare i IFK Göteborg (ifkdb.se ID Bj%C3%B6rn-Eriksson_187)
Daniel-Eriksson_190,ERIKSSON Daniel,Spelare i IFK Göteborg (ifkdb.se ID Daniel-Eriksson_190)
Elis-Eriksson_191,ERIKSSON Elis,Spelare i IFK Göteborg (ifkdb.se ID Elis-Eriksson_191)
Felix-Eriksson_948,ERIKSSON Felix,Spelare i IFK Göteborg (ifkdb.se ID Felix-Eriksson_948)
G%C3%B6sta-Eriksson_192,ERIKSSON Gösta,Spelare i IFK Göteborg (ifkdb.se ID G%C3%B6sta-Eriksson_192)
Lars-Erik-Eriksson_194,ERIKSSON Lars-Erik,Spelare i IFK Göteborg (ifkdb.se ID Lars-Erik-Eriksson_194)
Nils-Eriksson_195,ERIKSSON Nils,Spelare i IFK Göteborg (ifkdb.se ID Nils-Eriksson_195)
Per-Erik-Eriksson_197,ERIKSSON Per-Erik,Spelare i IFK Göteborg (ifkdb.se ID Per-Erik-Eriksson_197)
Peter-Eriksson_198,ERIKSSON Peter,Spelare i IFK Göteborg (ifkdb.se ID Peter-Eriksson_198)
Rolf-Eriksson_199,ERIKSSON Rolf,Spelare i IFK Göteborg (ifkdb.se ID Rolf-Eriksson_199)
Sebastian-Eriksson_777,ERIKSSON Sebastian,Spelare i IFK Göteborg (ifkdb.se ID Sebastian-Eriksson_777)
August-Erlingmark_871,ERLINGMARK August,Spelare i IFK Göteborg (ifkdb.se ID August-Erlingmark_871)
Magnus-Erlingmark_200,ERLINGMARK Magnus,Spelare i IFK Göteborg (ifkdb.se ID Magnus-Erlingmark_200)
Gabriel-Ersoy_1008,ERSOY Gabriel,Spelare i IFK Göteborg (ifkdb.se ID Gabriel-Ersoy_1008)
Kaj-Eskelinen_201,ESKELINEN Kaj,Spelare i IFK Göteborg (ifkdb.se ID Kaj-Eskelinen_201)
Mathias-Et%C3%A9us_778,ETÉUS Mathias,Spelare i IFK Göteborg (ifkdb.se ID Mathias-Et%C3%A9us_778)
Bert-Fagerman_202,FAGERMAN Bert,Spelare i IFK Göteborg (ifkdb.se ID Bert-Fagerman_202)
Arvid-Fagrell_203,FAGRELL Arvid,Spelare i IFK Göteborg (ifkdb.se ID Arvid-Fagrell_203)
Sven-Fagrell_204,FAGRELL Sven,Spelare i IFK Göteborg (ifkdb.se ID Sven-Fagrell_204)
Stig-Falk_205,FALK Stig,Spelare i IFK Göteborg (ifkdb.se ID Stig-Falk_205)
Lennart-Falkenstr%C3%B6m_206,FALKENSTRÖM Lennart,Spelare i IFK Göteborg (ifkdb.se ID Lennart-Falkenstr%C3%B6m_206)
Alexander-Faltsetas_779,FALTSETAS Alexander,Spelare i IFK Göteborg (ifkdb.se ID Alexander-Faltsetas_779)
Alexander-Farnerud_920,FARNERUD Alexander,Spelare i IFK Göteborg (ifkdb.se ID Alexander-Farnerud_920)
Pontus-Farnerud_780,FARNERUD Pontus,Spelare i IFK Göteborg (ifkdb.se ID Pontus-Farnerud_780)
Axel-F%C3%A4rnstr%C3%B6m_224,FÄRNSTRÖM Axel,Spelare i IFK Göteborg (ifkdb.se ID Axel-F%C3%A4rnstr%C3%B6m_224)
Emil-Fasth_1000,FASTH Emil,Spelare i IFK Göteborg (ifkdb.se ID Emil-Fasth_1000)
Reine-Feldt_208,FELDT Reine,Spelare i IFK Göteborg (ifkdb.se ID Reine-Feldt_208)
Max-Fenger_717,FENGER Max,Spelare i IFK Göteborg (ifkdb.se ID Max-Fenger_717)
Gunnar-Ferm_209,FERM Gunnar,Spelare i IFK Göteborg (ifkdb.se ID Gunnar-Ferm_209)
Lars-Fernell_210,FERNELL Lars,Spelare i IFK Göteborg (ifkdb.se ID Lars-Fernell_210)
Yaqub-Finey_947,FINEY Yaqub,Spelare i IFK Göteborg (ifkdb.se ID Yaqub-Finey_947)
Lennart-Flink_26,FLINK Lennart,Spelare i IFK Göteborg (ifkdb.se ID Lennart-Flink_26)
Douglas-Flobrant_211,FLOBRANT Douglas,Spelare i IFK Göteborg (ifkdb.se ID Douglas-Flobrant_211)
Johan-Flykt-Ros%C3%A9n_212,FLYKT-ROSÉN Johan,Spelare i IFK Göteborg (ifkdb.se ID Johan-Flykt-Ros%C3%A9n_212)
Fredrik-Folcker_213,FOLCKER Fredrik,Spelare i IFK Göteborg (ifkdb.se ID Fredrik-Folcker_213)
Bertil-Forsberg_214,FORSBERG Bertil,Spelare i IFK Göteborg (ifkdb.se ID Bertil-Forsberg_214)
Gunnar-Forsberg_215,FORSBERG Gunnar,Spelare i IFK Göteborg (ifkdb.se ID Gunnar-Forsberg_215)
Leif-Forsberg_216,FORSBERG Leif,Spelare i IFK Göteborg (ifkdb.se ID Leif-Forsberg_216)
Jos%C3%A9-Fortes_217,FORTES José,Spelare i IFK Göteborg (ifkdb.se ID Jos%C3%A9-Fortes_217)
Folke-Franz%C3%A9n_218,FRANZÉN Folke,Spelare i IFK Göteborg (ifkdb.se ID Folke-Franz%C3%A9n_218)
Georg-Fredriksson_219,FREDRIKSSON Georg,Spelare i IFK Göteborg (ifkdb.se ID Georg-Fredriksson_219)
Stig-Fredriksson_220,FREDRIKSSON Stig,Spelare i IFK Göteborg (ifkdb.se ID Stig-Fredriksson_220)
Harry-Friberg_221,FRIBERG Harry,Spelare i IFK Göteborg (ifkdb.se ID Harry-Friberg_221)
Sven-Friberg_589,FRIBERG Sven,Spelare i IFK Göteborg (ifkdb.se ID Sven-Friberg_589)
Per-Frise_222,FRISE Per,Spelare i IFK Göteborg (ifkdb.se ID Per-Frise_222)
Dan-Fr%C3%B6berg_223,FRÖBERG Dan,Spelare i IFK Göteborg (ifkdb.se ID Dan-Fr%C3%B6berg_223)
Niclas-Galle+%28Johansson%29_337,GALLE Niclas,Spelare i IFK Göteborg (ifkdb.se ID Niclas-Galle+%28Johansson%29_337)
Steve-Gardner_225,GARDNER Steve,Spelare i IFK Göteborg (ifkdb.se ID Steve-Gardner_225)
Henry-Gedda_226,GEDDA Henry,Spelare i IFK Göteborg (ifkdb.se ID Henry-Gedda_226)
Ali-Gerba_781,GERBA Ali,Spelare i IFK Göteborg (ifkdb.se ID Ali-Gerba_781)
Mats-Gerdtham+%28Johansson%29_336,GERDTHAM Mats,Spelare i IFK Göteborg (ifkdb.se ID Mats-Gerdtham+%28Johansson%29_336)
Nordin-Gerzic_782,GERZIC Nordin,Spelare i IFK Göteborg (ifkdb.se ID Nordin-Gerzic_782)
Alai-Ghasem_17,GHASEM Alai,Spelare i IFK Göteborg (ifkdb.se ID Alai-Ghasem_17)
Gillis-Gill%C3%A5s+%28Andersson%29_36,GILLÅS Gillis,Spelare i IFK Göteborg (ifkdb.se ID Gillis-Gill%C3%A5s+%28Andersson%29_36)
Erik-Glader_227,GLADER Erik,Spelare i IFK Göteborg (ifkdb.se ID Erik-Glader_227)
Arne-G%C3%B6ransson_243,GÖRANSSON Arne,Spelare i IFK Göteborg (ifkdb.se ID Arne-G%C3%B6ransson_243)
Kurt-G%C3%B6ransson_244,GÖRANSSON Kurt,Spelare i IFK Göteborg (ifkdb.se ID Kurt-G%C3%B6ransson_244)
Evert-Grahn_228,GRAHN Evert,Spelare i IFK Göteborg (ifkdb.se ID Evert-Grahn_228)
Erik-Granath_229,GRANATH Erik,Spelare i IFK Göteborg (ifkdb.se ID Erik-Granath_229)
Krister-Granbom_230,GRANBOM Krister,Spelare i IFK Göteborg (ifkdb.se ID Krister-Granbom_230)
Tryggve-Granqvist_231,GRANQVIST Tryggve,Spelare i IFK Göteborg (ifkdb.se ID Tryggve-Granqvist_231)
Bertil-Gren_232,GREN Bertil,Spelare i IFK Göteborg (ifkdb.se ID Bertil-Gren_232)
Gunnar-Gren_233,GREN Gunnar,Spelare i IFK Göteborg (ifkdb.se ID Gunnar-Gren_233)
Mats-Gren_234,GREN Mats,Spelare i IFK Göteborg (ifkdb.se ID Mats-Gren_234)
Helge-Gr%C3%B6nvall_235,GRÖNVALL Helge,Spelare i IFK Göteborg (ifkdb.se ID Helge-Gr%C3%B6nvall_235)
Sune-Grund%C3%A9n_711,GRUNDÉN Sune,Spelare i IFK Göteborg (ifkdb.se ID Sune-Grund%C3%A9n_711)
Erik-Gunnarsson_890,GUNNARSSON Erik,Spelare i IFK Göteborg (ifkdb.se ID Erik-Gunnarsson_890)
Ingvar-Gunnesson_236,GUNNESSON Ingvar,Spelare i IFK Göteborg (ifkdb.se ID Ingvar-Gunnesson_236)
Gustaf-Gustafsson_237,GUSTAFSSON Gustaf,Spelare i IFK Göteborg (ifkdb.se ID Gustaf-Gustafsson_237)
Joel-Gustafsson_784,GUSTAFSSON Joel,Spelare i IFK Göteborg (ifkdb.se ID Joel-Gustafsson_784)
Magnus-Gustafsson_238,GUSTAFSSON Magnus,Spelare i IFK Göteborg (ifkdb.se ID Magnus-Gustafsson_238)
Oskar-Gustafsson_431,GUSTAFSSON Oskar,Spelare i IFK Göteborg (ifkdb.se ID Oskar-Gustafsson_431)
Ove-Gustafsson_239,GUSTAFSSON Ove,Spelare i IFK Göteborg (ifkdb.se ID Ove-Gustafsson_239)
Stig-Gustafsson_241,GUSTAFSSON Stig,Spelare i IFK Göteborg (ifkdb.se ID Stig-Gustafsson_241)
%C3%85ke-Gustavsson_242,GUSTAVSSON Åke,Spelare i IFK Göteborg (ifkdb.se ID %C3%85ke-Gustavsson_242)
David-Gutierrez+Arvidsson_783,GUTIERREZ ARVIDSSON David,Spelare i IFK Göteborg (ifkdb.se ID David-Gutierrez+Arvidsson_783)
Einar-Haak_245,HAAK Einar,Spelare i IFK Göteborg (ifkdb.se ID Einar-Haak_245)
Jan-Hafstrand_246,HAFSTRAND Jan,Spelare i IFK Göteborg (ifkdb.se ID Jan-Hafstrand_246)
Harry-Hagberg_247,HAGBERG Harry,Spelare i IFK Göteborg (ifkdb.se ID Harry-Hagberg_247)
Elias-Hagen_240,HAGEN Elias,Spelare i IFK Göteborg (ifkdb.se ID Elias-Hagen_240)
Per-H%C3%A4gglund_292,HÄGGLUND Per,Spelare i IFK Göteborg (ifkdb.se ID Per-H%C3%A4gglund_292)
Philip-Haglund_785,HAGLUND Philip,Spelare i IFK Göteborg (ifkdb.se ID Philip-Haglund_785)
Warner-Hahn_942,HAHN Warner,Spelare i IFK Göteborg (ifkdb.se ID Warner-Hahn_942)
Hans-H%C3%A5kansson_290,HÅKANSSON Hans,Spelare i IFK Göteborg (ifkdb.se ID Hans-H%C3%A5kansson_290)
Nils-H%C3%A5kansson_291,HÅKANSSON Nils,Spelare i IFK Göteborg (ifkdb.se ID Nils-H%C3%A5kansson_291)
%C3%85ke-Hallman_248,HALLMAN Åke,Spelare i IFK Göteborg (ifkdb.se ID %C3%85ke-Hallman_248)
Marek-Ham%C5%A1%C3%ADk_934,HAMŠÍK Marek,Spelare i IFK Göteborg (ifkdb.se ID Marek-Ham%C5%A1%C3%ADk_934)
Nils-Hans%C3%A9n_249,HANSÉN Nils,Spelare i IFK Göteborg (ifkdb.se ID Nils-Hans%C3%A9n_249)
%C3%85ke-Hansson_256,HANSSON Åke,Spelare i IFK Göteborg (ifkdb.se ID %C3%85ke-Hansson_256)
Gustaf-Hansson_250,HANSSON Gustaf,Spelare i IFK Göteborg (ifkdb.se ID Gustaf-Hansson_250)
Holger-Hansson_251,HANSSON Holger,Spelare i IFK Göteborg (ifkdb.se ID Holger-Hansson_251)
Kjell-Hansson_252,HANSSON Kjell,Spelare i IFK Göteborg (ifkdb.se ID Kjell-Hansson_252)
Per-Olof-Hansson_253,HANSSON Per-Olof,Spelare i IFK Göteborg (ifkdb.se ID Per-Olof-Hansson_253)
Thomas-Hansson_254,HANSSON Thomas,Spelare i IFK Göteborg (ifkdb.se ID Thomas-Hansson_254)
Viktor-Hansson_255,HANSSON Viktor,Spelare i IFK Göteborg (ifkdb.se ID Viktor-Hansson_255)
Jasin-Hasani_978,HASANI Jasin,Spelare i IFK Göteborg (ifkdb.se ID Jasin-Hasani_978)
Sebastian-Hausner_957,HAUSNER Sebastian,Spelare i IFK Göteborg (ifkdb.se ID Sebastian-Hausner_957)
Yngve-Hedelin_257,HEDELIN Yngve,Spelare i IFK Göteborg (ifkdb.se ID Yngve-Hedelin_257)
Mats-Hed%C3%A9n_258,HEDÉN Mats,Spelare i IFK Göteborg (ifkdb.se ID Mats-Hed%C3%A9n_258)
Melwin-Hedman_998,HEDMAN Melwin,Spelare i IFK Göteborg (ifkdb.se ID Melwin-Hedman_998)
Peter-Hedman_259,HEDMAN Peter,Spelare i IFK Göteborg (ifkdb.se ID Peter-Hedman_259)
Hampus-Heed_956,HEED Hampus,Spelare i IFK Göteborg (ifkdb.se ID Hampus-Heed_956)
Thomas-Heed_260,HEED Thomas,Spelare i IFK Göteborg (ifkdb.se ID Thomas-Heed_260)
G%C3%B6sta-Heinefeldt+%28Svensson%29_659,HEINEFELDT Gösta,Spelare i IFK Göteborg (ifkdb.se ID G%C3%B6sta-Heinefeldt+%28Svensson%29_659)
Tobias-Heintz_997,HEINTZ Tobias,Spelare i IFK Göteborg (ifkdb.se ID Tobias-Heintz_997)
Elfar+Freyr-Helgason_786,HELGASON Elfar Freyr,Spelare i IFK Göteborg (ifkdb.se ID Elfar+Freyr-Helgason_786)
Anders-Helgesson_261,HELGESSON Anders,Spelare i IFK Göteborg (ifkdb.se ID Anders-Helgesson_261)
Harry-Hellberg_262,HELLBERG Harry,Spelare i IFK Göteborg (ifkdb.se ID Harry-Hellberg_262)
John-Hellstr%C3%B6m_264,HELLSTRÖM John,Spelare i IFK Göteborg (ifkdb.se ID John-Hellstr%C3%B6m_264)
Torbj%C3%B6rn-Hellstr%C3%B6m_263,HELLSTRÖM Torbjörn,Spelare i IFK Göteborg (ifkdb.se ID Torbj%C3%B6rn-Hellstr%C3%B6m_263)
Ove-Helm%C3%A9r_265,HELMÉR Ove,Spelare i IFK Göteborg (ifkdb.se ID Ove-Helm%C3%A9r_265)
Jonas-Henriksson_266,HENRIKSSON Jonas,Spelare i IFK Göteborg (ifkdb.se ID Jonas-Henriksson_266)
Lars-Henriksson_267,HENRIKSSON Lars,Spelare i IFK Göteborg (ifkdb.se ID Lars-Henriksson_267)
Sebastian-Henriksson_268,HENRIKSSON Sebastian,Spelare i IFK Göteborg (ifkdb.se ID Sebastian-Henriksson_268)
Wilmer-Henriksson_1007,HENRIKSSON Wilmer,Spelare i IFK Göteborg (ifkdb.se ID Wilmer-Henriksson_1007)
Hj%C3%B6rtur-Hermannsson_863,HERMANNSSON Hjörtur,Spelare i IFK Göteborg (ifkdb.se ID Hj%C3%B6rtur-Hermannsson_863)
Andreas-Hermansson_269,HERMANSSON Andreas,Spelare i IFK Göteborg (ifkdb.se ID Andreas-Hermansson_269)
Gustaf-Hermansson_270,HERMANSSON Gustaf,Spelare i IFK Göteborg (ifkdb.se ID Gustaf-Hermansson_270)
Olof-Hj%C3%A4rn_274,HJÄRN Olof,Spelare i IFK Göteborg (ifkdb.se ID Olof-Hj%C3%A4rn_274)
Alf-Hjelm_271,HJELM Alf,Spelare i IFK Göteborg (ifkdb.se ID Alf-Hjelm_271)
Erik-Hjelm_272,HJELM Erik,Spelare i IFK Göteborg (ifkdb.se ID Erik-Hjelm_272)
Harry-Hjelm_273,HJELM Harry,Spelare i IFK Göteborg (ifkdb.se ID Harry-Hjelm_273)
Daniel-Hoffmann_275,HOFFMANN Daniel,Spelare i IFK Göteborg (ifkdb.se ID Daniel-Hoffmann_275)
Ingemar-H%C3%B6gberg_293,HÖGBERG Ingemar,Spelare i IFK Göteborg (ifkdb.se ID Ingemar-H%C3%B6gberg_293)
Oskar-H%C3%B6gberg_718,HÖGBERG Oskar,Spelare i IFK Göteborg (ifkdb.se ID Oskar-H%C3%B6gberg_718)
Patrik-H%C3%B6glund_294,HÖGLUND Patrik,Spelare i IFK Göteborg (ifkdb.se ID Patrik-H%C3%B6glund_294)
Gotthard-H%C3%B6ijer_295,HÖIJER Gotthard,Spelare i IFK Göteborg (ifkdb.se ID Gotthard-H%C3%B6ijer_295)
Emil-Holm_900,HOLM Emil,Spelare i IFK Göteborg (ifkdb.se ID Emil-Holm_900)
Glenn-Holm_276,HOLM Glenn,Spelare i IFK Göteborg (ifkdb.se ID Glenn-Holm_276)
Gunnar-Holmberg_278,HOLMBERG Gunnar,Spelare i IFK Göteborg (ifkdb.se ID Gunnar-Holmberg_278)
Karl-Erik-Holmberg_277,HOLMBERG Karl-Erik,Spelare i IFK Göteborg (ifkdb.se ID Karl-Erik-Holmberg_277)
Martin-Holmberg_279,HOLMBERG Martin,Spelare i IFK Göteborg (ifkdb.se ID Martin-Holmberg_279)
Ivan-Holmdahl_280,HOLMDAHL Ivan,Spelare i IFK Göteborg (ifkdb.se ID Ivan-Holmdahl_280)
Nils-Holm%C3%A9n_913,HOLMÉN Nils,Spelare i IFK Göteborg (ifkdb.se ID Nils-Holm%C3%A9n_913)
Knut-Holmgren_281,HOLMGREN Knut,Spelare i IFK Göteborg (ifkdb.se ID Knut-Holmgren_281)
Tommy-Holmgren_282,HOLMGREN Tommy,Spelare i IFK Göteborg (ifkdb.se ID Tommy-Holmgren_282)
Tord-Holmgren_283,HOLMGREN Tord,Spelare i IFK Göteborg (ifkdb.se ID Tord-Holmgren_283)
Marcus-Holmqvist_905,HOLMQVIST Marcus,Spelare i IFK Göteborg (ifkdb.se ID Marcus-Holmqvist_905)
Allan-Holmstedt+%28Bengtsson%29_96,HOLMSTEDT Allan,Spelare i IFK Göteborg (ifkdb.se ID Allan-Holmstedt+%28Bengtsson%29_96)
G%C3%B6sta-Holmstr%C3%B6m_284,HOLMSTRÖM Gösta,Spelare i IFK Göteborg (ifkdb.se ID G%C3%B6sta-Holmstr%C3%B6m_284)
Vallentin-Hult%C3%A9n_286,HULTÉN Vallentin,Spelare i IFK Göteborg (ifkdb.se ID Vallentin-Hult%C3%A9n_286)
Olof-Hultfeldt_285,HULTFELDT Olof,Spelare i IFK Göteborg (ifkdb.se ID Olof-Hultfeldt_285)
Bertil-Hultin_287,HULTIN Bertil,Spelare i IFK Göteborg (ifkdb.se ID Bertil-Hultin_287)
Thomas-Hvenfelt+%28Andersson%29_72,HVENFELT Thomas,Spelare i IFK Göteborg (ifkdb.se ID Thomas-Hvenfelt+%28Andersson%29_72)
Carl-Hys%C3%A9n_288,HYSÉN Carl,Spelare i IFK Göteborg (ifkdb.se ID Carl-Hys%C3%A9n_288)
Erik-Hys%C3%A9n_799,HYSÉN Erik,Spelare i IFK Göteborg (ifkdb.se ID Erik-Hys%C3%A9n_799)
Glenn-Hys%C3%A9n_289,HYSÉN Glenn,Spelare i IFK Göteborg (ifkdb.se ID Glenn-Hys%C3%A9n_289)
Tobias-Hys%C3%A9n_787,HYSÉN Tobias,Spelare i IFK Göteborg (ifkdb.se ID Tobias-Hys%C3%A9n_787)
Jon+Inge-H%C3%B8iland_296,HØILAND Jon Inge,Spelare i IFK Göteborg (ifkdb.se ID Jon+Inge-H%C3%B8iland_296)
Peter-Ijeh_788,IJEH Peter,Spelare i IFK Göteborg (ifkdb.se ID Peter-Ijeh_788)
Mikael-Ingebrigtsen_879,INGEBRIGTSEN Mikael,Spelare i IFK Göteborg (ifkdb.se ID Mikael-Ingebrigtsen_879)
Klas-Ingesson_297,INGESSON Klas,Spelare i IFK Göteborg (ifkdb.se ID Klas-Ingesson_297)
Lawal-Ismail_789,ISMAIL Lawal,Spelare i IFK Göteborg (ifkdb.se ID Lawal-Ismail_789)
Sven-Jacobsson_298,JACOBSSON Sven,Spelare i IFK Göteborg (ifkdb.se ID Sven-Jacobsson_298)
Bo-Jagler+%28Johansson%29_299,JAGLER Bo,Spelare i IFK Göteborg (ifkdb.se ID Bo-Jagler+%28Johansson%29_299)
Imam-Jagne_996,JAGNE Imam,Spelare i IFK Göteborg (ifkdb.se ID Imam-Jagne_996)
Alexander-Jallow_911,JALLOW Alexander,Spelare i IFK Göteborg (ifkdb.se ID Alexander-Jallow_911)
Scott-Jamieson_864,JAMIESON Scott,Spelare i IFK Göteborg (ifkdb.se ID Scott-Jamieson_864)
Lars-Jangblad+%28Johansson%29_300,JANGBLAD Lars,Spelare i IFK Göteborg (ifkdb.se ID Lars-Jangblad+%28Johansson%29_300)
Arne-Jansson_301,JANSSON Arne,Spelare i IFK Göteborg (ifkdb.se ID Arne-Jansson_301)
Henry-Jansson_302,JANSSON Henry,Spelare i IFK Göteborg (ifkdb.se ID Henry-Jansson_302)
Hilding-Jansson_917,JANSSON Hilding,Spelare i IFK Göteborg (ifkdb.se ID Hilding-Jansson_917)
Karl-Gunnar-Jansson_303,JANSSON Karl-Gunnar,Spelare i IFK Göteborg (ifkdb.se ID Karl-Gunnar-Jansson_303)
Kent-Jansson_304,JANSSON Kent,Spelare i IFK Göteborg (ifkdb.se ID Kent-Jansson_304)
Per-%C3%85ke-Jansson_305,JANSSON Per-Åke,Spelare i IFK Göteborg (ifkdb.se ID Per-%C3%85ke-Jansson_305)
Ragnar-Jansson_953,JANSSON Ragnar,Spelare i IFK Göteborg (ifkdb.se ID Ragnar-Jansson_953)
Verner-Jansson_306,JANSSON Verner,Spelare i IFK Göteborg (ifkdb.se ID Verner-Jansson_306)
Magnus-Jareflo_307,JAREFLO Magnus,Spelare i IFK Göteborg (ifkdb.se ID Magnus-Jareflo_307)
S%C3%B6ren-J%C3%A4rel%C3%B6v_365,JÄRELÖV Sören,Spelare i IFK Göteborg (ifkdb.se ID S%C3%B6ren-J%C3%A4rel%C3%B6v_365)
Bj%C3%B6rn-Jarkvist_308,JARKVIST Björn,Spelare i IFK Göteborg (ifkdb.se ID Bj%C3%B6rn-Jarkvist_308)
Holger-Jernsten+%28Johansson%29_1002,JERNSTEN Holger,Spelare i IFK Göteborg (ifkdb.se ID Holger-Jernsten+%28Johansson%29_1002)
Bengt-Johannesson_309,JOHANNESSON Bengt,Spelare i IFK Göteborg (ifkdb.se ID Bengt-Johannesson_309)
Lars-Johannesson_310,JOHANNESSON Lars,Spelare i IFK Göteborg (ifkdb.se ID Lars-Johannesson_310)
Leif-Johannisson_311,JOHANNISSON Leif,Spelare i IFK Göteborg (ifkdb.se ID Leif-Johannisson_311)
Adam-Johansson_790,JOHANSSON Adam,Spelare i IFK Göteborg (ifkdb.se ID Adam-Johansson_790)
Allan-Johansson_312,JOHANSSON Allan,Spelare i IFK Göteborg (ifkdb.se ID Allan-Johansson_312)
Baldwin-Johansson_314,JOHANSSON Baldwin,Spelare i IFK Göteborg (ifkdb.se ID Baldwin-Johansson_314)
Bengt-Johansson_315,JOHANSSON Bengt,Spelare i IFK Göteborg (ifkdb.se ID Bengt-Johansson_315)
Bertil-Johansson_316,JOHANSSON Bertil,Spelare i IFK Göteborg (ifkdb.se ID Bertil-Johansson_316)
Bertil-Johansson_317,JOHANSSON Bertil,Spelare i IFK Göteborg (ifkdb.se ID Bertil-Johansson_317)
Carl-Johansson_925,JOHANSSON Carl,Spelare i IFK Göteborg (ifkdb.se ID Carl-Johansson_925)
Charles-Johansson_318,JOHANSSON Charles,Spelare i IFK Göteborg (ifkdb.se ID Charles-Johansson_318)
David-Johansson_791,JOHANSSON David,Spelare i IFK Göteborg (ifkdb.se ID David-Johansson_791)
Eje-Johansson_319,JOHANSSON Eje,Spelare i IFK Göteborg (ifkdb.se ID Eje-Johansson_319)
Elam-Johansson_320,JOHANSSON Elam,Spelare i IFK Göteborg (ifkdb.se ID Elam-Johansson_320)
Filip-Johansson_321,JOHANSSON Filip,Spelare i IFK Göteborg (ifkdb.se ID Filip-Johansson_321)
Folke-Johansson_322,JOHANSSON Folke,Spelare i IFK Göteborg (ifkdb.se ID Folke-Johansson_322)
Gabriel-Johansson_323,JOHANSSON Gabriel,Spelare i IFK Göteborg (ifkdb.se ID Gabriel-Johansson_323)
G%C3%B6ran-Johansson_326,JOHANSSON Göran,Spelare i IFK Göteborg (ifkdb.se ID G%C3%B6ran-Johansson_326)
Gunnar-Johansson_324,JOHANSSON Gunnar,Spelare i IFK Göteborg (ifkdb.se ID Gunnar-Johansson_324)
Gustav-Johansson_325,JOHANSSON Gustav,Spelare i IFK Göteborg (ifkdb.se ID Gustav-Johansson_325)
Henry-Johansson_327,JOHANSSON Henry,Spelare i IFK Göteborg (ifkdb.se ID Henry-Johansson_327)
Herbert-Johansson_328,JOHANSSON Herbert,Spelare i IFK Göteborg (ifkdb.se ID Herbert-Johansson_328)
Jakob-Johansson_792,JOHANSSON Jakob,Spelare i IFK Göteborg (ifkdb.se ID Jakob-Johansson_792)
Jan-Olof-Johansson_330,JOHANSSON Jan-Olof,Spelare i IFK Göteborg (ifkdb.se ID Jan-Olof-Johansson_330)
Karl-Johansson_331,JOHANSSON Karl,Spelare i IFK Göteborg (ifkdb.se ID Karl-Johansson_331)
Lars-Inge-Johansson_332,JOHANSSON Lars-Inge,Spelare i IFK Göteborg (ifkdb.se ID Lars-Inge-Johansson_332)
Lennart-Johansson_333,JOHANSSON Lennart,Spelare i IFK Göteborg (ifkdb.se ID Lennart-Johansson_333)
Magnus-Johansson_334,JOHANSSON Magnus,Spelare i IFK Göteborg (ifkdb.se ID Magnus-Johansson_334)
Magnus-Johansson_335,JOHANSSON Magnus,Spelare i IFK Göteborg (ifkdb.se ID Magnus-Johansson_335)
Mattias-Johansson_987,JOHANSSON Mattias,Spelare i IFK Göteborg (ifkdb.se ID Mattias-Johansson_987)
Nils-Johansson_338,JOHANSSON Nils,Spelare i IFK Göteborg (ifkdb.se ID Nils-Johansson_338)
Olof-Johansson_339,JOHANSSON Olof,Spelare i IFK Göteborg (ifkdb.se ID Olof-Johansson_339)
Ove-Johansson_340,JOHANSSON Ove,Spelare i IFK Göteborg (ifkdb.se ID Ove-Johansson_340)
Paul-Johansson_548,JOHANSSON Paul,Spelare i IFK Göteborg (ifkdb.se ID Paul-Johansson_548)
Per-Johansson_341,JOHANSSON Per,Spelare i IFK Göteborg (ifkdb.se ID Per-Johansson_341)
Ragnar-Johansson_342,JOHANSSON Ragnar,Spelare i IFK Göteborg (ifkdb.se ID Ragnar-Johansson_342)
Ragnar-Johansson_732,JOHANSSON Ragnar,Spelare i IFK Göteborg (ifkdb.se ID Ragnar-Johansson_732)
Robert-Johansson_343,JOHANSSON Robert,Spelare i IFK Göteborg (ifkdb.se ID Robert-Johansson_343)
Roger-Johansson_344,JOHANSSON Roger,Spelare i IFK Göteborg (ifkdb.se ID Roger-Johansson_344)
Rolf-Johansson_345,JOHANSSON Rolf,Spelare i IFK Göteborg (ifkdb.se ID Rolf-Johansson_345)
Rolf-Johansson_346,JOHANSSON Rolf,Spelare i IFK Göteborg (ifkdb.se ID Rolf-Johansson_346)
Ronald-Johansson_347,JOHANSSON Ronald,Spelare i IFK Göteborg (ifkdb.se ID Ronald-Johansson_347)
Roy-Johansson_348,JOHANSSON Roy,Spelare i IFK Göteborg (ifkdb.se ID Roy-Johansson_348)
Rune-Johansson_349,JOHANSSON Rune,Spelare i IFK Göteborg (ifkdb.se ID Rune-Johansson_349)
Sebastian-Johansson_350,JOHANSSON Sebastian,Spelare i IFK Göteborg (ifkdb.se ID Sebastian-Johansson_350)
Sven-Johansson_351,JOHANSSON Sven,Spelare i IFK Göteborg (ifkdb.se ID Sven-Johansson_351)
Sven-Johansson_352,JOHANSSON Sven,Spelare i IFK Göteborg (ifkdb.se ID Sven-Johansson_352)
Tore-Johansson_353,JOHANSSON Tore,Spelare i IFK Göteborg (ifkdb.se ID Tore-Johansson_353)
Torgny-Johansson_354,JOHANSSON Torgny,Spelare i IFK Göteborg (ifkdb.se ID Torgny-Johansson_354)
Torsten-Johansson_355,JOHANSSON Torsten,Spelare i IFK Göteborg (ifkdb.se ID Torsten-Johansson_355)
Verner-Johansson_357,JOHANSSON Verner,Spelare i IFK Göteborg (ifkdb.se ID Verner-Johansson_357)
Martin-Johansson+Zanjanchi_846,JOHANSSON ZANJANCHI Martin,Spelare i IFK Göteborg (ifkdb.se ID Martin-Johansson+Zanjanchi_846)
Gisle-Johnsen_363,JOHNSEN Gisle,Spelare i IFK Göteborg (ifkdb.se ID Gisle-Johnsen_363)
Benny-Jonsson_360,JONSSON Benny,Spelare i IFK Göteborg (ifkdb.se ID Benny-Jonsson_360)
Dennis-Jonsson_361,JONSSON Dennis,Spelare i IFK Göteborg (ifkdb.se ID Dennis-Jonsson_361)
Ernst-Jonsson_362,JONSSON Ernst,Spelare i IFK Göteborg (ifkdb.se ID Ernst-Jonsson_362)
Helge-Jonsson_358,JONSSON Helge,Spelare i IFK Göteborg (ifkdb.se ID Helge-Jonsson_358)
Hj%C3%A1lmar-J%C3%B3nsson_364,JÓNSSON Hjálmar,Spelare i IFK Göteborg (ifkdb.se ID Hj%C3%A1lmar-J%C3%B3nsson_364)
Nils-Jonsson_359,JONSSON Nils,Spelare i IFK Göteborg (ifkdb.se ID Nils-Jonsson_359)
Ulf-J%C3%B6rnvik_366,JÖRNVIK Ulf,Spelare i IFK Göteborg (ifkdb.se ID Ulf-J%C3%B6rnvik_366)
Lucas-K%C3%A5hed_914,KÅHED Lucas,Spelare i IFK Göteborg (ifkdb.se ID Lucas-K%C3%A5hed_914)
H%C3%A5kan-Kahnberg_367,KAHNBERG Håkan,Spelare i IFK Göteborg (ifkdb.se ID H%C3%A5kan-Kahnberg_367)
Sven-K%C3%A4llberg_405,KÄLLBERG Sven,Spelare i IFK Göteborg (ifkdb.se ID Sven-K%C3%A4llberg_405)
Yahya-Kalley_922,KALLEY Yahya,Spelare i IFK Göteborg (ifkdb.se ID Yahya-Kalley_922)
Rolf-K%C3%A4llstr%C3%B6m_406,KÄLLSTRÖM Rolf,Spelare i IFK Göteborg (ifkdb.se ID Rolf-K%C3%A4llstr%C3%B6m_406)
Pontus-K%C3%A5mark_404,KÅMARK Pontus,Spelare i IFK Göteborg (ifkdb.se ID Pontus-K%C3%A5mark_404)
Meyer-Kanterowitz_369,KANTEROWITZ Meyer,Spelare i IFK Göteborg (ifkdb.se ID Meyer-Kanterowitz_369)
Eldin-Kari%C5%A1ik_797,KARIŠIK Eldin,Spelare i IFK Göteborg (ifkdb.se ID Eldin-Kari%C5%A1ik_797)
Fredrik-Karlfeldt_370,KARLFELDT Fredrik,Spelare i IFK Göteborg (ifkdb.se ID Fredrik-Karlfeldt_370)
Arne-Karlsson_371,KARLSSON Arne,Spelare i IFK Göteborg (ifkdb.se ID Arne-Karlsson_371)
Bengt-%C3%85ke-Karlsson_372,KARLSSON Bengt-Åke,Spelare i IFK Göteborg (ifkdb.se ID Bengt-%C3%85ke-Karlsson_372)
Christian-Karlsson_373,KARLSSON Christian,Spelare i IFK Göteborg (ifkdb.se ID Christian-Karlsson_373)
Conny-Karlsson_374,KARLSSON Conny,Spelare i IFK Göteborg (ifkdb.se ID Conny-Karlsson_374)
Georg-Karlsson_375,KARLSSON Georg,Spelare i IFK Göteborg (ifkdb.se ID Georg-Karlsson_375)
Gerhard-Karlsson_368,KARLSSON Gerhard,Spelare i IFK Göteborg (ifkdb.se ID Gerhard-Karlsson_368)
Herbert-Karlsson_376,KARLSSON Herbert,Spelare i IFK Göteborg (ifkdb.se ID Herbert-Karlsson_376)
Joacim-Karlsson_377,KARLSSON Joacim,Spelare i IFK Göteborg (ifkdb.se ID Joacim-Karlsson_377)
Kenny-Karlsson_379,KARLSSON Kenny,Spelare i IFK Göteborg (ifkdb.se ID Kenny-Karlsson_379)
Lars-Karlsson_149,KARLSSON Lars,Spelare i IFK Göteborg (ifkdb.se ID Lars-Karlsson_149)
Leif-Karlsson_380,KARLSSON Leif,Spelare i IFK Göteborg (ifkdb.se ID Leif-Karlsson_380)
P%C3%A4r-Karlsson_383,KARLSSON Pär,Spelare i IFK Göteborg (ifkdb.se ID P%C3%A4r-Karlsson_383)
Sten-Karlsson_151,KARLSSON Sten,Spelare i IFK Göteborg (ifkdb.se ID Sten-Karlsson_151)
Thomas-Karlsson_385,KARLSSON Thomas,Spelare i IFK Göteborg (ifkdb.se ID Thomas-Karlsson_385)
Patrik-Karlsson+Lagemyr_859,KARLSSON LAGEMYR Patrik,Spelare i IFK Göteborg (ifkdb.se ID Patrik-Karlsson+Lagemyr_859)
John-Karlsson-Nottorp_387,KARLSSON-NOTTORP John,Spelare i IFK Göteborg (ifkdb.se ID John-Karlsson-Nottorp_387)
Jacob-Karlstr%C3%B8m_990,KARLSTRØM Jacob,Spelare i IFK Göteborg (ifkdb.se ID Jacob-Karlstr%C3%B8m_990)
Gunnar-K%C3%A4rrby_407,KÄRRBY Gunnar,Spelare i IFK Göteborg (ifkdb.se ID Gunnar-K%C3%A4rrby_407)
Prosper-Kasim_854,KASIM Prosper,Spelare i IFK Göteborg (ifkdb.se ID Prosper-Kasim_854)
J.-Kennedy_388,KENNEDY J.,Spelare i IFK Göteborg (ifkdb.se ID J.-Kennedy_388)
Keit-Kessander+%28Pettersson%29_583,KESSANDER Keit,Spelare i IFK Göteborg (ifkdb.se ID Keit-Kessander+%28Pettersson%29_583)
Mohib-Khalaf_963,KHALAF Mohib,Spelare i IFK Göteborg (ifkdb.se ID Mohib-Khalaf_963)
Giorgi-Kharaishvili_882,KHARAISHVILI Giorgi,Spelare i IFK Göteborg (ifkdb.se ID Giorgi-Kharaishvili_882)
Magnus-Kihlberg_798,KIHLBERG Magnus,Spelare i IFK Göteborg (ifkdb.se ID Magnus-Kihlberg_798)
Oscar-Kindlund_860,KINDLUND Oscar,Spelare i IFK Göteborg (ifkdb.se ID Oscar-Kindlund_860)
Ove-Kindvall_390,KINDVALL Ove,Spelare i IFK Göteborg (ifkdb.se ID Ove-Kindvall_390)
Kurt-Kjellberg_391,KJELLBERG Kurt,Spelare i IFK Göteborg (ifkdb.se ID Kurt-Kjellberg_391)
Rune-Kjellman_392,KJELLMAN Rune,Spelare i IFK Göteborg (ifkdb.se ID Rune-Kjellman_392)
Ivar-Klingstr%C3%B6m_393,KLINGSTRÖM Ivar,Spelare i IFK Göteborg (ifkdb.se ID Ivar-Klingstr%C3%B6m_393)
Arne-Knutsson_394,KNUTSSON Arne,Spelare i IFK Göteborg (ifkdb.se ID Arne-Knutsson_394)
Rudolf-Kock_395,KOCK Rudolf,Spelare i IFK Göteborg (ifkdb.se ID Rudolf-Kock_395)
Melvin-Koliqi_974,KOLIQI Melvin,Spelare i IFK Göteborg (ifkdb.se ID Melvin-Koliqi_974)
Gunnar-Kollberg_396,KOLLBERG Gunnar,Spelare i IFK Göteborg (ifkdb.se ID Gunnar-Kollberg_396)
Sampo-Koskinen_397,KOSKINEN Sampo,Spelare i IFK Göteborg (ifkdb.se ID Sampo-Koskinen_397)
Christian-Kouakou_919,KOUAKOU Christian,Spelare i IFK Göteborg (ifkdb.se ID Christian-Kouakou_919)
Bengt-Kristensen_154,KRISTENSEN Bengt,Spelare i IFK Göteborg (ifkdb.se ID Bengt-Kristensen_154)
Anders-Kristiansen_986,KRISTIANSEN Anders,Spelare i IFK Göteborg (ifkdb.se ID Anders-Kristiansen_986)
%C3%85ke-Kristiansson_400,KRISTIANSSON Åke,Spelare i IFK Göteborg (ifkdb.se ID %C3%85ke-Kristiansson_400)
Albert-Kristiansson_399,KRISTIANSSON Albert,Spelare i IFK Göteborg (ifkdb.se ID Albert-Kristiansson_399)
Douglas-Krook_401,KROOK Douglas,Spelare i IFK Göteborg (ifkdb.se ID Douglas-Krook_401)
Svejde-Krook_402,KROOK Svejde,Spelare i IFK Göteborg (ifkdb.se ID Svejde-Krook_402)
David-Kruse_989,KRUSE David,Spelare i IFK Göteborg (ifkdb.se ID David-Kruse_989)
Stephan-Kullberg_403,KULLBERG Stephan,Spelare i IFK Göteborg (ifkdb.se ID Stephan-Kullberg_403)
Anton-Kurochkin_945,KUROCHKIN Anton,Spelare i IFK Göteborg (ifkdb.se ID Anton-Kurochkin_945)
Patrice-Kwedi_800,KWEDI Patrice,Spelare i IFK Göteborg (ifkdb.se ID Patrice-Kwedi_800)
Kjell-Lager_408,LAGER Kjell,Spelare i IFK Göteborg (ifkdb.se ID Kjell-Lager_408)
Alejandro-Lago_793,LAGO Alejandro,Spelare i IFK Göteborg (ifkdb.se ID Alejandro-Lago_793)
Stefan-Landberg_409,LANDBERG Stefan,Spelare i IFK Göteborg (ifkdb.se ID Stefan-Landberg_409)
Anders-Landgren_410,LANDGREN Anders,Spelare i IFK Göteborg (ifkdb.se ID Anders-Landgren_410)
Stig-Landgren_411,LANDGREN Stig,Spelare i IFK Göteborg (ifkdb.se ID Stig-Landgren_411)
Thomas-Lansing_413,LANSING Thomas,Spelare i IFK Göteborg (ifkdb.se ID Thomas-Lansing_413)
Freddie-Lantz_1005,LANTZ Freddie,Spelare i IFK Göteborg (ifkdb.se ID Freddie-Lantz_1005)
Bengt-Larsson_415,LARSSON Bengt,Spelare i IFK Göteborg (ifkdb.se ID Bengt-Larsson_415)
Daniel-Larsson_416,LARSSON Daniel,Spelare i IFK Göteborg (ifkdb.se ID Daniel-Larsson_416)
Erik-Larsson_417,LARSSON Erik,Spelare i IFK Göteborg (ifkdb.se ID Erik-Larsson_417)
Erik-Larsson_207,LARSSON Erik,Spelare i IFK Göteborg (ifkdb.se ID Erik-Larsson_207)
Folke-Larsson_418,LARSSON Folke,Spelare i IFK Göteborg (ifkdb.se ID Folke-Larsson_418)
Gustaf-Larsson_414,LARSSON Gustaf,Spelare i IFK Göteborg (ifkdb.se ID Gustaf-Larsson_414)
Henry-Larsson_419,LARSSON Henry,Spelare i IFK Göteborg (ifkdb.se ID Henry-Larsson_419)
Karl-Henrik-Larsson_420,LARSSON Karl-Henrik,Spelare i IFK Göteborg (ifkdb.se ID Karl-Henrik-Larsson_420)
Lars-Larsson_421,LARSSON Lars,Spelare i IFK Göteborg (ifkdb.se ID Lars-Larsson_421)
Leif-Larsson_422,LARSSON Leif,Spelare i IFK Göteborg (ifkdb.se ID Leif-Larsson_422)
Otto-Larsson_423,LARSSON Otto,Spelare i IFK Göteborg (ifkdb.se ID Otto-Larsson_423)
Peter-Larsson_424,LARSSON Peter,Spelare i IFK Göteborg (ifkdb.se ID Peter-Larsson_424)
Rolf-Larsson_426,LARSSON Rolf,Spelare i IFK Göteborg (ifkdb.se ID Rolf-Larsson_426)
Rudolf-Larsson_425,LARSSON Rudolf,Spelare i IFK Göteborg (ifkdb.se ID Rudolf-Larsson_425)
Sam-Larsson_794,LARSSON Sam,Spelare i IFK Göteborg (ifkdb.se ID Sam-Larsson_794)
Stefan-Larsson_427,LARSSON Stefan,Spelare i IFK Göteborg (ifkdb.se ID Stefan-Larsson_427)
Sven-Larsson_428,LARSSON Sven,Spelare i IFK Göteborg (ifkdb.se ID Sven-Larsson_428)
Torild-Larsson_429,LARSSON Torild,Spelare i IFK Göteborg (ifkdb.se ID Torild-Larsson_429)
Torvald-Larsson_430,LARSSON Torvald,Spelare i IFK Göteborg (ifkdb.se ID Torvald-Larsson_430)
Dick-Last_432,LAST Dick,Spelare i IFK Göteborg (ifkdb.se ID Dick-Last_432)
Kjell-%C3%85ke-Leisg%C3%A5rd+%28Carlsson%29_152,LEISGÅRD Kjell-Åke,Spelare i IFK Göteborg (ifkdb.se ID Kjell-%C3%85ke-Leisg%C3%A5rd+%28Carlsson%29_152)
Kent-Lejon_433,LEJON Kent,Spelare i IFK Göteborg (ifkdb.se ID Kent-Lejon_433)
Alexander-Leksell_889,LEKSELL Alexander,Spelare i IFK Göteborg (ifkdb.se ID Alexander-Leksell_889)
Fredrik-Leksell_434,LEKSELL Fredrik,Spelare i IFK Göteborg (ifkdb.se ID Fredrik-Leksell_434)
Conny-Leksj%C3%B6+%28Lindstr%C3%B6m%29_459,LEKSJÖ Conny,Spelare i IFK Göteborg (ifkdb.se ID Conny-Leksj%C3%B6+%28Lindstr%C3%B6m%29_459)
Hannes-Lennartsson_930,LENNARTSSON Hannes,Spelare i IFK Göteborg (ifkdb.se ID Hannes-Lennartsson_930)
Erik-Levin_436,LEVIN Erik,Spelare i IFK Göteborg (ifkdb.se ID Erik-Levin_436)
Valter-Lid%C3%A9n_437,LIDÉN Valter,Spelare i IFK Göteborg (ifkdb.se ID Valter-Lid%C3%A9n_437)
Mats-Lilienberg_439,LILIENBERG Mats,Spelare i IFK Göteborg (ifkdb.se ID Mats-Lilienberg_439)
Helge-Liljebj%C3%B6rn_440,LILJEBJÖRN Helge,Spelare i IFK Göteborg (ifkdb.se ID Helge-Liljebj%C3%B6rn_440)
Jan-Liljekrantz_441,LILJEKRANTZ Jan,Spelare i IFK Göteborg (ifkdb.se ID Jan-Liljekrantz_441)
Erik-Liljenberg_438,LILJENBERG Erik,Spelare i IFK Göteborg (ifkdb.se ID Erik-Liljenberg_438)
Gustav-Lillienberg_938,LILLIENBERG Gustav,Spelare i IFK Göteborg (ifkdb.se ID Gustav-Lillienberg_938)
Eive-Lind_442,LIND Eive,Spelare i IFK Göteborg (ifkdb.se ID Eive-Lind_442)
Gunnar-Lind_443,LIND Gunnar,Spelare i IFK Göteborg (ifkdb.se ID Gunnar-Lind_443)
Johann-Lind_444,LIND Johann,Spelare i IFK Göteborg (ifkdb.se ID Johann-Lind_444)
Rune-Lind_454,LIND Rune,Spelare i IFK Göteborg (ifkdb.se ID Rune-Lind_454)
Gunnar-Lindahl_445,LINDAHL Gunnar,Spelare i IFK Göteborg (ifkdb.se ID Gunnar-Lindahl_445)
Erik-Lindberg_446,LINDBERG Erik,Spelare i IFK Göteborg (ifkdb.se ID Erik-Lindberg_446)
Gunro-Lindberg_447,LINDBERG Gunro,Spelare i IFK Göteborg (ifkdb.se ID Gunro-Lindberg_447)
Knut-Lindberg_448,LINDBERG Knut,Spelare i IFK Göteborg (ifkdb.se ID Knut-Lindberg_448)
Odd+Ivar-Lindberg_449,LINDBERG Odd Ivar,Spelare i IFK Göteborg (ifkdb.se ID Odd+Ivar-Lindberg_449)
Donald-Lindblom_450,LINDBLOM Donald,Spelare i IFK Göteborg (ifkdb.se ID Donald-Lindblom_450)
Carl-Linde_451,LINDE Carl,Spelare i IFK Göteborg (ifkdb.se ID Carl-Linde_451)
%C3%85ke-Lind%C3%A9n_452,LINDÉN Åke,Spelare i IFK Göteborg (ifkdb.se ID %C3%85ke-Lind%C3%A9n_452)
Einar-Lindman_455,LINDMAN Einar,Spelare i IFK Göteborg (ifkdb.se ID Einar-Lindman_455)
Robert-Lindqvist_456,LINDQVIST Robert,Spelare i IFK Göteborg (ifkdb.se ID Robert-Lindqvist_456)
Stefan-Lindqvist_457,LINDQVIST Stefan,Spelare i IFK Göteborg (ifkdb.se ID Stefan-Lindqvist_457)
Gustaf-Lindstedt_458,LINDSTEDT Gustaf,Spelare i IFK Göteborg (ifkdb.se ID Gustaf-Lindstedt_458)
Eje-Lindstr%C3%B6m_460,LINDSTRÖM Eje,Spelare i IFK Göteborg (ifkdb.se ID Eje-Lindstr%C3%B6m_460)
Erik-Lindstr%C3%B6m_461,LINDSTRÖM Erik,Spelare i IFK Göteborg (ifkdb.se ID Erik-Lindstr%C3%B6m_461)
Nils-Ljunggren_462,LJUNGGREN Nils,Spelare i IFK Göteborg (ifkdb.se ID Nils-Ljunggren_462)
Daniel-Ljungholm_463,LJUNGHOLM Daniel,Spelare i IFK Göteborg (ifkdb.se ID Daniel-Ljungholm_463)
Oswald-Ljungquist_464,LJUNGQUIST Oswald,Spelare i IFK Göteborg (ifkdb.se ID Oswald-Ljungquist_464)
Gunnar-L%C3%B6fgren_482,LÖFGREN Gunnar,Spelare i IFK Göteborg (ifkdb.se ID Gunnar-L%C3%B6fgren_482)
Stig-L%C3%B6fgren_483,LÖFGREN Stig,Spelare i IFK Göteborg (ifkdb.se ID Stig-L%C3%B6fgren_483)
Bert-L%C3%B6fvendahl_484,LÖFVENDAHL Bert,Spelare i IFK Göteborg (ifkdb.se ID Bert-L%C3%B6fvendahl_484)
G.-Lov%C3%A9n_435,LOVÉN G.,Spelare i IFK Göteborg (ifkdb.se ID G.-Lov%C3%A9n_435)
Teddy-Lucic_465,LUCIC Teddy,Spelare i IFK Göteborg (ifkdb.se ID Teddy-Lucic_465)
%C3%85ke-Ludvigsson_466,LUDVIGSSON Åke,Spelare i IFK Göteborg (ifkdb.se ID %C3%85ke-Ludvigsson_466)
Erik-Lund_467,LUND Erik,Spelare i IFK Göteborg (ifkdb.se ID Erik-Lund_467)
Harald-Lund_468,LUND Harald,Spelare i IFK Göteborg (ifkdb.se ID Harald-Lund_468)
Valdus-Lund_469,LUND Valdus,Spelare i IFK Göteborg (ifkdb.se ID Valdus-Lund_469)
Erik-Lund+Fahl%C3%A9n_795,LUND FAHLÉN Erik,Spelare i IFK Göteborg (ifkdb.se ID Erik-Lund+Fahl%C3%A9n_795)
Claes-Enar-Lundberg_470,LUNDBERG Claes-Enar,Spelare i IFK Göteborg (ifkdb.se ID Claes-Enar-Lundberg_470)
Torbj%C3%B6rn-Lundblad_471,LUNDBLAD Torbjörn,Spelare i IFK Göteborg (ifkdb.se ID Torbj%C3%B6rn-Lundblad_471)
Jonas-Lund%C3%A9n_472,LUNDÉN Jonas,Spelare i IFK Göteborg (ifkdb.se ID Jonas-Lund%C3%A9n_472)
Herbert-Lundgren_473,LUNDGREN Herbert,Spelare i IFK Göteborg (ifkdb.se ID Herbert-Lundgren_473)
Sten-Lundgren_474,LUNDGREN Sten,Spelare i IFK Göteborg (ifkdb.se ID Sten-Lundgren_474)
Artur-Lundin_475,LUNDIN Artur,Spelare i IFK Göteborg (ifkdb.se ID Artur-Lundin_475)
Arne-Lundqvist_476,LUNDQVIST Arne,Spelare i IFK Göteborg (ifkdb.se ID Arne-Lundqvist_476)
Evert-Lundqvist_477,LUNDQVIST Evert,Spelare i IFK Göteborg (ifkdb.se ID Evert-Lundqvist_477)
Ingvar-Lundqvist_478,LUNDQVIST Ingvar,Spelare i IFK Göteborg (ifkdb.se ID Ingvar-Lundqvist_478)
Ramon+Pascal-Lundqvist_991,LUNDQVIST Ramon Pascal,Spelare i IFK Göteborg (ifkdb.se ID Ramon+Pascal-Lundqvist_991)
Christian-Lundstr%C3%B6m_479,LUNDSTRÖM Christian,Spelare i IFK Göteborg (ifkdb.se ID Christian-Lundstr%C3%B6m_479)
Mattias-Lundstr%C3%B6m_480,LUNDSTRÖM Mattias,Spelare i IFK Göteborg (ifkdb.se ID Mattias-Lundstr%C3%B6m_480)
Roland-Lundvall_481,LUNDVALL Roland,Spelare i IFK Göteborg (ifkdb.se ID Roland-Lundvall_481)
Tommy-Lyc%C3%A9n_796,LYCÉN Tommy,Spelare i IFK Göteborg (ifkdb.se ID Tommy-Lyc%C3%A9n_796)
Ben-Magnusson_973,MAGNUSSON Ben,Spelare i IFK Göteborg (ifkdb.se ID Ben-Magnusson_973)
Bernt-Magnusson_485,MAGNUSSON Bernt,Spelare i IFK Göteborg (ifkdb.se ID Bernt-Magnusson_485)
Dag-Magnusson_486,MAGNUSSON Dag,Spelare i IFK Göteborg (ifkdb.se ID Dag-Magnusson_486)
Eddy-Magnusson_487,MAGNUSSON Eddy,Spelare i IFK Göteborg (ifkdb.se ID Eddy-Magnusson_487)
Gustaf-Magnusson_488,MAGNUSSON Gustaf,Spelare i IFK Göteborg (ifkdb.se ID Gustaf-Magnusson_488)
Harry-Magnusson_910,MAGNUSSON Harry,Spelare i IFK Göteborg (ifkdb.se ID Harry-Magnusson_910)
Olof-Magnusson_489,MAGNUSSON Olof,Spelare i IFK Göteborg (ifkdb.se ID Olof-Magnusson_489)
May-Mahlangu_801,MAHLANGU May,Spelare i IFK Göteborg (ifkdb.se ID May-Mahlangu_801)
Vladimir-Majdandzic_803,MAJDANDZIC Vladimir,Spelare i IFK Göteborg (ifkdb.se ID Vladimir-Majdandzic_803)
Otto-Malm_490,MALM Otto,Spelare i IFK Göteborg (ifkdb.se ID Otto-Malm_490)
Malick-Man%C3%A9_804,MANÉ Malick,Spelare i IFK Göteborg (ifkdb.se ID Malick-Man%C3%A9_804)
Oliver-M%C3%A5nsson_1006,MÅNSSON Oliver,Spelare i IFK Göteborg (ifkdb.se ID Oliver-M%C3%A5nsson_1006)
Eman-Markovic_951,MARKOVIC Eman,Spelare i IFK Göteborg (ifkdb.se ID Eman-Markovic_951)
Mikael-Martinsson_491,MARTINSSON Mikael,Spelare i IFK Göteborg (ifkdb.se ID Mikael-Martinsson_491)
Niclas-Martinsson_805,MARTINSSON Niclas,Spelare i IFK Göteborg (ifkdb.se ID Niclas-Martinsson_805)
%C3%96rjan-Martinsson_492,MARTINSSON Örjan,Spelare i IFK Göteborg (ifkdb.se ID %C3%96rjan-Martinsson_492)
Franklin-Matib_955,MATIB Franklin,Spelare i IFK Göteborg (ifkdb.se ID Franklin-Matib_955)
Allan-Mattiasson_493,MATTIASSON Allan,Spelare i IFK Göteborg (ifkdb.se ID Allan-Mattiasson_493)
Harris-Mattiasson_494,MATTIASSON Harris,Spelare i IFK Göteborg (ifkdb.se ID Harris-Mattiasson_494)
Bruno-Mattsson_495,MATTSSON Bruno,Spelare i IFK Göteborg (ifkdb.se ID Bruno-Mattsson_495)
Lennart-Mattsson_496,MATTSSON Lennart,Spelare i IFK Göteborg (ifkdb.se ID Lennart-Mattsson_496)
Chris-Mbamba_802,MBAMBA Chris,Spelare i IFK Göteborg (ifkdb.se ID Chris-Mbamba_802)
Sigfried-Mellberg_498,MELLBERG Sigfried,Spelare i IFK Göteborg (ifkdb.se ID Sigfried-Mellberg_498)
Kent-Mellbin_497,MELLBIN Kent,Spelare i IFK Göteborg (ifkdb.se ID Kent-Mellbin_497)
Arvid-Mellin_499,MELLIN Arvid,Spelare i IFK Göteborg (ifkdb.se ID Arvid-Mellin_499)
Thomas-Mikkelsen_853,MIKKELSEN Thomas,Spelare i IFK Göteborg (ifkdb.se ID Thomas-Mikkelsen_853)
H%C3%A5kan-Mild_500,MILD Håkan,Spelare i IFK Göteborg (ifkdb.se ID H%C3%A5kan-Mild_500)
P%C3%A4r-Millqvist_501,MILLQVIST Pär,Spelare i IFK Göteborg (ifkdb.se ID P%C3%A4r-Millqvist_501)
David-Moberg+Karlsson_806,MOBERG KARLSSON David,Spelare i IFK Göteborg (ifkdb.se ID David-Moberg+Karlsson_806)
Johnny-Mol%C3%A9n_502,MOLÉN Johnny,Spelare i IFK Göteborg (ifkdb.se ID Johnny-Mol%C3%A9n_502)
Elving-Molin_503,MOLIN Elving,Spelare i IFK Göteborg (ifkdb.se ID Elving-Molin_503)
Per+Edmund-Mordt_504,MORDT Per Edmund,Spelare i IFK Göteborg (ifkdb.se ID Per+Edmund-Mordt_504)
Lars-M%C3%B6rk_506,MÖRK Lars,Spelare i IFK Göteborg (ifkdb.se ID Lars-M%C3%B6rk_506)
Bengt-Mossberg_505,MOSSBERG Bengt,Spelare i IFK Göteborg (ifkdb.se ID Bengt-Mossberg_505)
George-Mourad_807,MOURAD George,Spelare i IFK Göteborg (ifkdb.se ID George-Mourad_807)
Arbnor-Mucolli_966,MUCOLLI Arbnor,Spelare i IFK Göteborg (ifkdb.se ID Arbnor-Mucolli_966)
Kamal-Mustafa_808,MUSTAFA Kamal,Spelare i IFK Göteborg (ifkdb.se ID Kamal-Mustafa_808)
Anders-Myrander+%28Johansson%29_313,MYRANDER Anders,Spelare i IFK Göteborg (ifkdb.se ID Anders-Myrander+%28Johansson%29_313)
Rasmus-N%C3%A5fors+Dahlin_975,NÅFORS DAHLIN Rasmus,Spelare i IFK Göteborg (ifkdb.se ID Rasmus-N%C3%A5fors+Dahlin_975)
Herbert-Nertby_507,NERTBY Herbert,Spelare i IFK Göteborg (ifkdb.se ID Herbert-Nertby_507)
Erik-Nevland_508,NEVLAND Erik,Spelare i IFK Göteborg (ifkdb.se ID Erik-Nevland_508)
Daniel-Nicklasson_509,NICKLASSON Daniel,Spelare i IFK Göteborg (ifkdb.se ID Daniel-Nicklasson_509)
G%C3%B6ran-Nicklasson_510,NICKLASSON Göran,Spelare i IFK Göteborg (ifkdb.se ID G%C3%B6ran-Nicklasson_510)
Donald-Niklasson_511,NIKLASSON Donald,Spelare i IFK Göteborg (ifkdb.se ID Donald-Niklasson_511)
Andreas-Nilsson_809,NILSSON Andreas,Spelare i IFK Göteborg (ifkdb.se ID Andreas-Nilsson_809)
Bror-Nilsson_512,NILSSON Bror,Spelare i IFK Göteborg (ifkdb.se ID Bror-Nilsson_512)
Erik-Nilsson_513,NILSSON Erik,Spelare i IFK Göteborg (ifkdb.se ID Erik-Nilsson_513)
Gunnar-Nilsson_514,NILSSON Gunnar,Spelare i IFK Göteborg (ifkdb.se ID Gunnar-Nilsson_514)
Jan-Nilsson_515,NILSSON Jan,Spelare i IFK Göteborg (ifkdb.se ID Jan-Nilsson_515)
Jan-Erik-Nilsson_516,NILSSON Jan-Erik,Spelare i IFK Göteborg (ifkdb.se ID Jan-Erik-Nilsson_516)
Kurt-Nilsson_517,NILSSON Kurt,Spelare i IFK Göteborg (ifkdb.se ID Kurt-Nilsson_517)
Lars-Erik-Nilsson_518,NILSSON Lars-Erik,Spelare i IFK Göteborg (ifkdb.se ID Lars-Erik-Nilsson_518)
Lennart-Nilsson_519,NILSSON Lennart,Spelare i IFK Göteborg (ifkdb.se ID Lennart-Nilsson_519)
Lennart-Nilsson_520,NILSSON Lennart,Spelare i IFK Göteborg (ifkdb.se ID Lennart-Nilsson_520)
Mikael-Nilsson_521,NILSSON Mikael,Spelare i IFK Göteborg (ifkdb.se ID Mikael-Nilsson_521)
Per-Olof-Nilsson_522,NILSSON Per-Olof,Spelare i IFK Göteborg (ifkdb.se ID Per-Olof-Nilsson_522)
Robin-Nilsson_810,NILSSON Robin,Spelare i IFK Göteborg (ifkdb.se ID Robin-Nilsson_810)
Roland-Nilsson_523,NILSSON Roland,Spelare i IFK Göteborg (ifkdb.se ID Roland-Nilsson_523)
Stellan-Nilsson_524,NILSSON Stellan,Spelare i IFK Göteborg (ifkdb.se ID Stellan-Nilsson_524)
Torbj%C3%B6rn-Nilsson_525,NILSSON Torbjörn,Spelare i IFK Göteborg (ifkdb.se ID Torbj%C3%B6rn-Nilsson_525)
Elof-N%C3%B6jd_536,NÖJD Elof,Spelare i IFK Göteborg (ifkdb.se ID Elof-N%C3%B6jd_536)
Widrof-N%C3%B6jd_537,NÖJD Widrof,Spelare i IFK Göteborg (ifkdb.se ID Widrof-N%C3%B6jd_537)
A.-Nordfeldt_526,NORDFELDT A.,Spelare i IFK Göteborg (ifkdb.se ID A.-Nordfeldt_526)
Olle-Nordin_527,NORDIN Olle,Spelare i IFK Göteborg (ifkdb.se ID Olle-Nordin_527)
Bj%C3%B6rn-Nordqvist_528,NORDQVIST Björn,Spelare i IFK Göteborg (ifkdb.se ID Bj%C3%B6rn-Nordqvist_528)
Billy-Nordstr%C3%B6m_811,NORDSTRÖM Billy,Spelare i IFK Göteborg (ifkdb.se ID Billy-Nordstr%C3%B6m_811)
Jan-Nordstr%C3%B6m_529,NORDSTRÖM Jan,Spelare i IFK Göteborg (ifkdb.se ID Jan-Nordstr%C3%B6m_529)
Marcus-Nordstr%C3%B6m_530,NORDSTRÖM Marcus,Spelare i IFK Göteborg (ifkdb.se ID Marcus-Nordstr%C3%B6m_530)
Thure-Nordstr%C3%B6m_531,NORDSTRÖM Thure,Spelare i IFK Göteborg (ifkdb.se ID Thure-Nordstr%C3%B6m_531)
%C3%85ke-Nor%C3%A9n_532,NORÉN Åke,Spelare i IFK Göteborg (ifkdb.se ID %C3%85ke-Nor%C3%A9n_532)
Gustaf-Norlin_932,NORLIN Gustaf,Spelare i IFK Göteborg (ifkdb.se ID Gustaf-Norlin_932)
Arne-Nyberg_533,NYBERG Arne,Spelare i IFK Göteborg (ifkdb.se ID Arne-Nyberg_533)
Ralph-Nyberg_534,NYBERG Ralph,Spelare i IFK Göteborg (ifkdb.se ID Ralph-Nyberg_534)
Alfons-Nygaard_929,NYGAARD Alfons,Spelare i IFK Göteborg (ifkdb.se ID Alfons-Nygaard_929)
Benjamin-Nygren_878,NYGREN Benjamin,Spelare i IFK Göteborg (ifkdb.se ID Benjamin-Nygren_878)
Kenneth-Nystr%C3%B6m_535,NYSTRÖM Kenneth,Spelare i IFK Göteborg (ifkdb.se ID Kenneth-Nystr%C3%B6m_535)
Ralph-%C3%96berg_739,ÖBERG Ralph,Spelare i IFK Göteborg (ifkdb.se ID Ralph-%C3%96berg_739)
Erik-Odell_538,ODELL Erik,Spelare i IFK Göteborg (ifkdb.se ID Erik-Odell_538)
Bertil-Ohlsson_540,OHLSSON Bertil,Spelare i IFK Göteborg (ifkdb.se ID Bertil-Ohlsson_540)
Owe-Ohlsson_541,OHLSSON Owe,Spelare i IFK Göteborg (ifkdb.se ID Owe-Ohlsson_541)
Samuel-Ohlsson_904,OHLSSON Samuel,Spelare i IFK Göteborg (ifkdb.se ID Samuel-Ohlsson_904)
Sebastian-Ohlsson_893,OHLSSON Sebastian,Spelare i IFK Göteborg (ifkdb.se ID Sebastian-Ohlsson_893)
Andreas-%C3%96hman_885,ÖHMAN Andreas,Spelare i IFK Göteborg (ifkdb.se ID Andreas-%C3%96hman_885)
Jukka-Ohtonen_542,OHTONEN Jukka,Spelare i IFK Göteborg (ifkdb.se ID Jukka-Ohtonen_542)
Thorsteinn-%C3%93lafsson_543,ÓLAFSSON Thorsteinn,Spelare i IFK Göteborg (ifkdb.se ID Thorsteinn-%C3%93lafsson_543)
Reine-Olausson_544,OLAUSSON Reine,Spelare i IFK Göteborg (ifkdb.se ID Reine-Olausson_544)
Axel-Olausson+%28Ohlsson%29_539,OLAUSSON Axel,Spelare i IFK Göteborg (ifkdb.se ID Axel-Olausson+%28Ohlsson%29_539)
John-Olausson+%28Olsson%29_555,OLAUSSON John,Spelare i IFK Göteborg (ifkdb.se ID John-Olausson+%28Olsson%29_555)
Fredrik-Oldrup+Jensen_876,OLDRUP JENSEN Fredrik,Spelare i IFK Göteborg (ifkdb.se ID Fredrik-Oldrup+Jensen_876)
Mats-Olofsson_545,OLOFSSON Mats,Spelare i IFK Göteborg (ifkdb.se ID Mats-Olofsson_545)
Victor-Olofsson_896,OLOFSSON Victor,Spelare i IFK Göteborg (ifkdb.se ID Victor-Olofsson_896)
Ifeoluwa-Olowoporoku_389,OLOWOPOROKU Ifeoluwa,Spelare i IFK Göteborg (ifkdb.se ID Ifeoluwa-Olowoporoku_389)
Sigfrid-Ols%C3%A9n_546,OLSÉN Sigfrid,Spelare i IFK Göteborg (ifkdb.se ID Sigfrid-Ols%C3%A9n_546)
Arthur-Olsson_547,OLSSON Arthur,Spelare i IFK Göteborg (ifkdb.se ID Arthur-Olsson_547)
Bengt-Olsson_549,OLSSON Bengt,Spelare i IFK Göteborg (ifkdb.se ID Bengt-Olsson_549)
Enoch-Olsson_551,OLSSON Enoch,Spelare i IFK Göteborg (ifkdb.se ID Enoch-Olsson_551)
Erik-Olsson_552,OLSSON Erik,Spelare i IFK Göteborg (ifkdb.se ID Erik-Olsson_552)
Filip-Olsson_553,OLSSON Filip,Spelare i IFK Göteborg (ifkdb.se ID Filip-Olsson_553)
Harry-Olsson_554,OLSSON Harry,Spelare i IFK Göteborg (ifkdb.se ID Harry-Olsson_554)
Jonas-Olsson_556,OLSSON Jonas,Spelare i IFK Göteborg (ifkdb.se ID Jonas-Olsson_556)
Karl-Olsson_550,OLSSON Karl,Spelare i IFK Göteborg (ifkdb.se ID Karl-Olsson_550)
Olof-Olsson_557,OLSSON Olof,Spelare i IFK Göteborg (ifkdb.se ID Olof-Olsson_557)
Rune-Olsson_558,OLSSON Rune,Spelare i IFK Göteborg (ifkdb.se ID Rune-Olsson_558)
Styrbj%C3%B6rn-Olsson_559,OLSSON Styrbjörn,Spelare i IFK Göteborg (ifkdb.se ID Styrbj%C3%B6rn-Olsson_559)
Thomas-Olsson_812,OLSSON Thomas,Spelare i IFK Göteborg (ifkdb.se ID Thomas-Olsson_812)
El%C3%ADas+M%C3%A1r-%C3%93marsson_866,ÓMARSSON Elías Már,Spelare i IFK Göteborg (ifkdb.se ID El%C3%ADas+M%C3%A1r-%C3%93marsson_866)
Gunnar-%C3%96qvist_740,ÖQVIST Gunnar,Spelare i IFK Göteborg (ifkdb.se ID Gunnar-%C3%96qvist_740)
B%C3%B6rje-Oskarsson_560,OSKARSSON Börje,Spelare i IFK Göteborg (ifkdb.se ID B%C3%B6rje-Oskarsson_560)
%C3%85ke-%C3%96stergren_742,ÖSTERGREN Åke,Spelare i IFK Göteborg (ifkdb.se ID %C3%85ke-%C3%96stergren_742)
Esbj%C3%B6rn-%C3%96sterman_743,ÖSTERMAN Esbjörn,Spelare i IFK Göteborg (ifkdb.se ID Esbj%C3%B6rn-%C3%96sterman_743)
Rolf-%C3%96stgren_741,ÖSTGREN Rolf,Spelare i IFK Göteborg (ifkdb.se ID Rolf-%C3%96stgren_741)
Dan-%C3%96stlund_744,ÖSTLUND Dan,Spelare i IFK Göteborg (ifkdb.se ID Dan-%C3%96stlund_744)
Ernst-%C3%96stlund_745,ÖSTLUND Ernst,Spelare i IFK Göteborg (ifkdb.se ID Ernst-%C3%96stlund_745)
Lennart-Ottordahl_561,OTTORDAHL Lennart,Spelare i IFK Göteborg (ifkdb.se ID Lennart-Ottordahl_561)
Filip-Ottosson_1004,OTTOSSON Filip,Spelare i IFK Göteborg (ifkdb.se ID Filip-Ottosson_1004)
Christian-Ozanne_562,OZANNE Christian,Spelare i IFK Göteborg (ifkdb.se ID Christian-Ozanne_562)
Hans-Palmquist_563,PALMQUIST Hans,Spelare i IFK Göteborg (ifkdb.se ID Hans-Palmquist_563)
Ragnvald-P%C3%A5lsson_594,PÅLSSON Ragnvald,Spelare i IFK Göteborg (ifkdb.se ID Ragnvald-P%C3%A5lsson_594)
Anton-P%C3%A4rleholt_943,PÄRLEHOLT Anton,Spelare i IFK Göteborg (ifkdb.se ID Anton-P%C3%A4rleholt_943)
Jeferson-Paulista_751,PAULISTA Jeferson,Spelare i IFK Göteborg (ifkdb.se ID Jeferson-Paulista_751)
Jimmy-Pauls%C3%A9n+%28Svensson%29_666,PAULSÉN Jimmy,Spelare i IFK Göteborg (ifkdb.se ID Jimmy-Pauls%C3%A9n+%28Svensson%29_666)
Heath-Pearce_850,PEARCE Heath,Spelare i IFK Göteborg (ifkdb.se ID Heath-Pearce_850)
Steinar-Pedersen_564,PEDERSEN Steinar,Spelare i IFK Göteborg (ifkdb.se ID Steinar-Pedersen_564)
Tore-Pedersen_565,PEDERSEN Tore,Spelare i IFK Göteborg (ifkdb.se ID Tore-Pedersen_565)
Magnus-Pehrsson_566,PEHRSSON Magnus,Spelare i IFK Göteborg (ifkdb.se ID Magnus-Pehrsson_566)
David-P%C3%A9rez_970,PÉREZ David,Spelare i IFK Göteborg (ifkdb.se ID David-P%C3%A9rez_970)
Bror-Persson_567,PERSSON Bror,Spelare i IFK Göteborg (ifkdb.se ID Bror-Persson_567)
G%C3%B6sta-Persson_568,PERSSON Gösta,Spelare i IFK Göteborg (ifkdb.se ID G%C3%B6sta-Persson_568)
Henry-Persson_569,PERSSON Henry,Spelare i IFK Göteborg (ifkdb.se ID Henry-Persson_569)
Joakim-Persson_570,PERSSON Joakim,Spelare i IFK Göteborg (ifkdb.se ID Joakim-Persson_570)
Leif-Persson_571,PERSSON Leif,Spelare i IFK Göteborg (ifkdb.se ID Leif-Persson_571)
Manne-Persson_573,PERSSON Manne,Spelare i IFK Göteborg (ifkdb.se ID Manne-Persson_573)
Sven-Persson_574,PERSSON Sven,Spelare i IFK Göteborg (ifkdb.se ID Sven-Persson_574)
Berth-Pervik+%28Pettersson%29_579,PERVIK Berth,Spelare i IFK Göteborg (ifkdb.se ID Berth-Pervik+%28Pettersson%29_579)
Vilgot-Peterson_576,PETERSON Vilgot,Spelare i IFK Göteborg (ifkdb.se ID Vilgot-Peterson_576)
Frank-Petersson_580,PETERSSON Frank,Spelare i IFK Göteborg (ifkdb.se ID Frank-Petersson_580)
Jan-Erik-Petersson_582,PETERSSON Jan-Erik,Spelare i IFK Göteborg (ifkdb.se ID Jan-Erik-Petersson_582)
Rolf-Petersson_585,PETERSSON Rolf,Spelare i IFK Göteborg (ifkdb.se ID Rolf-Petersson_585)
Theodor-Petersson_575,PETERSSON Theodor,Spelare i IFK Göteborg (ifkdb.se ID Theodor-Petersson_575)
Alexander-Petras_577,PETRAS Alexander,Spelare i IFK Göteborg (ifkdb.se ID Alexander-Petras_577)
Bengt-Pettersson_578,PETTERSSON Bengt,Spelare i IFK Göteborg (ifkdb.se ID Bengt-Pettersson_578)
Ingemar-Pettersson_581,PETTERSSON Ingemar,Spelare i IFK Göteborg (ifkdb.se ID Ingemar-Pettersson_581)
Oscar-Pettersson_971,PETTERSSON Oscar,Spelare i IFK Göteborg (ifkdb.se ID Oscar-Pettersson_971)
Roland-Pettersson_584,PETTERSSON Roland,Spelare i IFK Göteborg (ifkdb.se ID Roland-Pettersson_584)
Roland-Pettersson_918,PETTERSSON Roland,Spelare i IFK Göteborg (ifkdb.se ID Roland-Pettersson_918)
Ronald-Pettersson_586,PETTERSSON Ronald,Spelare i IFK Göteborg (ifkdb.se ID Ronald-Pettersson_586)
Rune-Pettersson_587,PETTERSSON Rune,Spelare i IFK Göteborg (ifkdb.se ID Rune-Pettersson_587)
Stefan-Pettersson_588,PETTERSSON Stefan,Spelare i IFK Göteborg (ifkdb.se ID Stefan-Pettersson_588)
Tom-Pettersson_845,PETTERSSON Tom,Spelare i IFK Göteborg (ifkdb.se ID Tom-Pettersson_845)
Magnus-Pewik+%28Persson%29_572,PEWIK Magnus,Spelare i IFK Göteborg (ifkdb.se ID Magnus-Pewik+%28Persson%29_572)
Thomas-Phillips_590,PHILLIPS Thomas,Spelare i IFK Göteborg (ifkdb.se ID Thomas-Phillips_590)
Toni-Profozic_592,PROFOZIC Toni,Spelare i IFK Göteborg (ifkdb.se ID Toni-Profozic_592)
Robert-Prytz_593,PRYTZ Robert,Spelare i IFK Göteborg (ifkdb.se ID Robert-Prytz_593)
Andreas-Pyndt_981,PYNDT Andreas,Spelare i IFK Göteborg (ifkdb.se ID Andreas-Pyndt_981)
Jan-Qvist_595,QVIST Jan,Spelare i IFK Göteborg (ifkdb.se ID Jan-Qvist_595)
Leo-Radakovic_995,RADAKOVIC Leo,Spelare i IFK Göteborg (ifkdb.se ID Leo-Radakovic_995)
Johan-Ragnell_596,RAGNELL Johan,Spelare i IFK Göteborg (ifkdb.se ID Johan-Ragnell_596)
Marino-Rahmberg_597,RAHMBERG Marino,Spelare i IFK Göteborg (ifkdb.se ID Marino-Rahmberg_597)
Mathias-Ran%C3%A9gie_813,RANÉGIE Mathias,Spelare i IFK Göteborg (ifkdb.se ID Mathias-Ran%C3%A9gie_813)
Jari-Rantanen_598,RANTANEN Jari,Spelare i IFK Göteborg (ifkdb.se ID Jari-Rantanen_598)
Jonathan-Rasheed_1009,RASHEED Jonathan,Spelare i IFK Göteborg (ifkdb.se ID Jonathan-Rasheed_1009)
Ernst-Rasmusson_599,RASMUSSON Ernst,Spelare i IFK Göteborg (ifkdb.se ID Ernst-Rasmusson_599)
Andreas-Ravelli_601,RAVELLI Andreas,Spelare i IFK Göteborg (ifkdb.se ID Andreas-Ravelli_601)
Thomas-Ravelli_600,RAVELLI Thomas,Spelare i IFK Göteborg (ifkdb.se ID Thomas-Ravelli_600)
Abdul-Razak_868,RAZAK Abdul,Spelare i IFK Göteborg (ifkdb.se ID Abdul-Razak_868)
Erik-Regell_602,REGELL Erik,Spelare i IFK Göteborg (ifkdb.se ID Erik-Regell_602)
Stefan-Rehn_603,REHN Stefan,Spelare i IFK Göteborg (ifkdb.se ID Stefan-Rehn_603)
Gunnar-Reis_604,REIS Gunnar,Spelare i IFK Göteborg (ifkdb.se ID Gunnar-Reis_604)
Erik-Renneby+%28Augustsson%29_89,RENNEBY Erik,Spelare i IFK Göteborg (ifkdb.se ID Erik-Renneby+%28Augustsson%29_89)
Richard-Richardsson_814,RICHARDSSON Richard,Spelare i IFK Göteborg (ifkdb.se ID Richard-Richardsson_814)
S%C3%B8ren-Rieks_815,RIEKS Søren,Spelare i IFK Göteborg (ifkdb.se ID S%C3%B8ren-Rieks_815)
Riku-Riski_852,RISKI Riku,Spelare i IFK Göteborg (ifkdb.se ID Riku-Riski_852)
Fredrik-Risp+%28Karlsson%29_386,RISP Fredrik,Spelare i IFK Göteborg (ifkdb.se ID Fredrik-Risp+%28Karlsson%29_386)
Trevor-Robinson_816,ROBINSON Trevor,Spelare i IFK Göteborg (ifkdb.se ID Trevor-Robinson_816)
Thomas-Rogne_857,ROGNE Thomas,Spelare i IFK Göteborg (ifkdb.se ID Thomas-Rogne_857)
Bastian-Rojas+Diaz+%28Andersson%29_817,ROJAS DIAZ Bastian,Spelare i IFK Göteborg (ifkdb.se ID Bastian-Rojas+Diaz+%28Andersson%29_817)
Herbert-Rosell_605,ROSELL Herbert,Spelare i IFK Göteborg (ifkdb.se ID Herbert-Rosell_605)
Folke-Ros%C3%A9n_606,ROSÉN Folke,Spelare i IFK Göteborg (ifkdb.se ID Folke-Ros%C3%A9n_606)
Peter-Rosengren_607,ROSENGREN Peter,Spelare i IFK Göteborg (ifkdb.se ID Peter-Rosengren_607)
Tomas-Rosenkvist_608,ROSENKVIST Tomas,Spelare i IFK Göteborg (ifkdb.se ID Tomas-Rosenkvist_608)
Raimondo-Rossi_609,ROSSI Raimondo,Spelare i IFK Göteborg (ifkdb.se ID Raimondo-Rossi_609)
Oskar-Rotenberg_610,ROTENBERG Oskar,Spelare i IFK Göteborg (ifkdb.se ID Oskar-Rotenberg_610)
Bror-Rundberg_611,RUNDBERG Bror,Spelare i IFK Göteborg (ifkdb.se ID Bror-Rundberg_611)
Oskar-Rutgersson_612,RUTGERSSON Oskar,Spelare i IFK Göteborg (ifkdb.se ID Oskar-Rutgersson_612)
Gunnar-Ruthberg_613,RUTHBERG Gunnar,Spelare i IFK Göteborg (ifkdb.se ID Gunnar-Ruthberg_613)
Sture-Ryberg_614,RYBERG Sture,Spelare i IFK Göteborg (ifkdb.se ID Sture-Ryberg_614)
Anders-Rydberg_615,RYDBERG Anders,Spelare i IFK Göteborg (ifkdb.se ID Anders-Rydberg_615)
Gunnar-Rydberg_616,RYDBERG Gunnar,Spelare i IFK Göteborg (ifkdb.se ID Gunnar-Rydberg_616)
Olof-Rydberg_694,RYDBERG Olof,Spelare i IFK Göteborg (ifkdb.se ID Olof-Rydberg_694)
Sigurd-Rydberg_617,RYDBERG Sigurd,Spelare i IFK Göteborg (ifkdb.se ID Sigurd-Rydberg_617)
Sven-Rydell_618,RYDELL Sven,Spelare i IFK Göteborg (ifkdb.se ID Sven-Rydell_618)
Anders-Rylander_619,RYLANDER Anders,Spelare i IFK Göteborg (ifkdb.se ID Anders-Rylander_619)
Bertil-Rylander_620,RYLANDER Bertil,Spelare i IFK Göteborg (ifkdb.se ID Bertil-Rylander_620)
Sven-Rylander_621,RYLANDER Sven,Spelare i IFK Göteborg (ifkdb.se ID Sven-Rylander_621)
Janne-Saarinen_622,SAARINEN Janne,Spelare i IFK Göteborg (ifkdb.se ID Janne-Saarinen_622)
Lawson-Sabah_855,SABAH Lawson,Spelare i IFK Göteborg (ifkdb.se ID Lawson-Sabah_855)
M%C3%A5ns-Saebb%C3%B6_894,SAEBBÖ Måns,Spelare i IFK Göteborg (ifkdb.se ID M%C3%A5ns-Saebb%C3%B6_894)
Erkan-Saglik_818,SAGLIK Erkan,Spelare i IFK Göteborg (ifkdb.se ID Erkan-Saglik_818)
Vajebah-Sakor_873,SAKOR Vajebah,Spelare i IFK Göteborg (ifkdb.se ID Vajebah-Sakor_873)
Abundance-Salaou_949,SALAOU Abundance,Spelare i IFK Göteborg (ifkdb.se ID Abundance-Salaou_949)
Saidu-Salisu_950,SALISU Saidu,Spelare i IFK Göteborg (ifkdb.se ID Saidu-Salisu_950)
Emil-Salomonsson_819,SALOMONSSON Emil,Spelare i IFK Göteborg (ifkdb.se ID Emil-Salomonsson_819)
%C3%85ke-Samuelsson_625,SAMUELSSON Åke,Spelare i IFK Göteborg (ifkdb.se ID %C3%85ke-Samuelsson_625)
Herbert-Samuelsson_623,SAMUELSSON Herbert,Spelare i IFK Göteborg (ifkdb.se ID Herbert-Samuelsson_623)
Lucas-Samuelsson_709,SAMUELSSON Lucas,Spelare i IFK Göteborg (ifkdb.se ID Lucas-Samuelsson_709)
Morgan-Samuelsson_624,SAMUELSSON Morgan,Spelare i IFK Göteborg (ifkdb.se ID Morgan-Samuelsson_624)
Kabba-Samura_626,SAMURA Kabba,Spelare i IFK Göteborg (ifkdb.se ID Kabba-Samura_626)
Tobias-Sana_820,SANA Tobias,Spelare i IFK Göteborg (ifkdb.se ID Tobias-Sana_820)
Gustaf-Sandberg_627,SANDBERG Gustaf,Spelare i IFK Göteborg (ifkdb.se ID Gustaf-Sandberg_627)
H%C3%A5kan-Sandberg_628,SANDBERG Håkan,Spelare i IFK Göteborg (ifkdb.se ID H%C3%A5kan-Sandberg_628)
Marcus-Sandberg_821,SANDBERG Marcus,Spelare i IFK Göteborg (ifkdb.se ID Marcus-Sandberg_821)
Mauritz-Sandberg_629,SANDBERG Mauritz,Spelare i IFK Göteborg (ifkdb.se ID Mauritz-Sandberg_629)
Roland-Sandberg_630,SANDBERG Roland,Spelare i IFK Göteborg (ifkdb.se ID Roland-Sandberg_630)
Hans-Sandesj%C3%B6+%28Svensson%29_661,SANDESJÖ Hans,Spelare i IFK Göteborg (ifkdb.se ID Hans-Sandesj%C3%B6+%28Svensson%29_661)
William-Sandford_979,SANDFORD William,Spelare i IFK Göteborg (ifkdb.se ID William-Sandford_979)
Lars-Sandgren+%28Eriksson%29_193,SANDGREN Lars,Spelare i IFK Göteborg (ifkdb.se ID Lars-Sandgren+%28Eriksson%29_193)
Mikael-Sandklef_631,SANDKLEF Mikael,Spelare i IFK Göteborg (ifkdb.se ID Mikael-Sandklef_631)
Herbert-Sandstr%C3%B6m_632,SANDSTRÖM Herbert,Spelare i IFK Göteborg (ifkdb.se ID Herbert-Sandstr%C3%B6m_632)
Thomas-Santos_965,SANTOS Thomas,Spelare i IFK Göteborg (ifkdb.se ID Thomas-Santos_965)
John-S%C3%A4wstr%C3%B6m_680,SÄWSTRÖM John,Spelare i IFK Göteborg (ifkdb.se ID John-S%C3%A4wstr%C3%B6m_680)
Dennis-Schiller_633,SCHILLER Dennis,Spelare i IFK Göteborg (ifkdb.se ID Dennis-Schiller_633)
Glenn-Schiller_634,SCHILLER Glenn,Spelare i IFK Göteborg (ifkdb.se ID Glenn-Schiller_634)
G%C3%B6sta-Schmidt_636,SCHMIDT Gösta,Spelare i IFK Göteborg (ifkdb.se ID G%C3%B6sta-Schmidt_636)
Allan-Sch%C3%BCler_639,SCHÜLER Allan,Spelare i IFK Göteborg (ifkdb.se ID Allan-Sch%C3%BCler_639)
Per-Otto-Schulz_637,SCHULZ Per-Otto,Spelare i IFK Göteborg (ifkdb.se ID Per-Otto-Schulz_637)
Caleb-Schylander_638,SCHYLANDER Caleb,Spelare i IFK Göteborg (ifkdb.se ID Caleb-Schylander_638)
Stig-Segerdahl_640,SEGERDAHL Stig,Spelare i IFK Göteborg (ifkdb.se ID Stig-Segerdahl_640)
Stefan-Selakovic_823,SELAKOVIC Stefan,Spelare i IFK Göteborg (ifkdb.se ID Stefan-Selakovic_823)
Ali-Selim_824,SELIM Ali,Spelare i IFK Göteborg (ifkdb.se ID Ali-Selim_824)
Astrit-Selmani_967,SELMANI Astrit,Spelare i IFK Göteborg (ifkdb.se ID Astrit-Selmani_967)
Johannes-Selv%C3%A9n_954,SELVÉN Johannes,Spelare i IFK Göteborg (ifkdb.se ID Johannes-Selv%C3%A9n_954)
Harry-Setterlund_641,SETTERLUND Harry,Spelare i IFK Göteborg (ifkdb.se ID Harry-Setterlund_641)
Jos%C3%A9-Shaffer_822,SHAFFER José,Spelare i IFK Göteborg (ifkdb.se ID Jos%C3%A9-Shaffer_822)
Ishak-Shamoun_935,SHAMOUN Ishak,Spelare i IFK Göteborg (ifkdb.se ID Ishak-Shamoun_935)
Kolbeinn-Sigth%C3%B3rsson_927,SIGTHÓRSSON Kolbeinn,Spelare i IFK Göteborg (ifkdb.se ID Kolbeinn-Sigth%C3%B3rsson_927)
Ragnar-Sigurdsson_825,SIGURDSSON Ragnar,Spelare i IFK Göteborg (ifkdb.se ID Ragnar-Sigurdsson_825)
Bruno-Silva_826,SILVA Bruno,Spelare i IFK Göteborg (ifkdb.se ID Bruno-Silva_826)
Kjell-Sj%C3%B6berg_642,SJÖBERG Kjell,Spelare i IFK Göteborg (ifkdb.se ID Kjell-Sj%C3%B6berg_642)
Sven-Sj%C3%B6blom_643,SJÖBLOM Sven,Spelare i IFK Göteborg (ifkdb.se ID Sven-Sj%C3%B6blom_643)
Jan-Sj%C3%B6str%C3%B6m_644,SJÖSTRÖM Jan,Spelare i IFK Göteborg (ifkdb.se ID Jan-Sj%C3%B6str%C3%B6m_644)
Laurs-Skjellerup_972,SKJELLERUP Laurs,Spelare i IFK Göteborg (ifkdb.se ID Laurs-Skjellerup_972)
Vallentin-Skoglund_646,SKOGLUND Vallentin,Spelare i IFK Göteborg (ifkdb.se ID Vallentin-Skoglund_646)
Folke-Sk%C3%B6ld_645,SKÖLD Folke,Spelare i IFK Göteborg (ifkdb.se ID Folke-Sk%C3%B6ld_645)
Victor-Sk%C3%B6ld_856,SKÖLD Victor,Spelare i IFK Göteborg (ifkdb.se ID Victor-Sk%C3%B6ld_856)
Martin-Smedberg+Dalence_827,SMEDBERG DALENCE Martin,Spelare i IFK Göteborg (ifkdb.se ID Martin-Smedberg+Dalence_827)
Einar-Smith_635,SMITH Einar,Spelare i IFK Göteborg (ifkdb.se ID Einar-Smith_635)
Daniel-Sobralense_828,SOBRALENSE Daniel,Spelare i IFK Göteborg (ifkdb.se ID Daniel-Sobralense_828)
Robin-S%C3%B6der_833,SÖDER Robin,Spelare i IFK Göteborg (ifkdb.se ID Robin-S%C3%B6der_833)
Ole-S%C3%B6derberg_926,SÖDERBERG Ole,Spelare i IFK Göteborg (ifkdb.se ID Ole-S%C3%B6derberg_926)
Oskar-S%C3%B6derberg_681,SÖDERBERG Oskar,Spelare i IFK Göteborg (ifkdb.se ID Oskar-S%C3%B6derberg_681)
Algot-S%C3%B6derqvist_682,SÖDERQVIST Algot,Spelare i IFK Göteborg (ifkdb.se ID Algot-S%C3%B6derqvist_682)
Erik-Sorga_939,SORGA Erik,Spelare i IFK Göteborg (ifkdb.se ID Erik-Sorga_939)
Moses-Ssewankambo_829,SSEWANKAMBO Moses,Spelare i IFK Göteborg (ifkdb.se ID Moses-Ssewankambo_829)
Helge-St%C3%A5hlfors_652,STÅHLFORS Helge,Spelare i IFK Göteborg (ifkdb.se ID Helge-St%C3%A5hlfors_652)
Torsten-St%C3%A5hlfors_653,STÅHLFORS Torsten,Spelare i IFK Göteborg (ifkdb.se ID Torsten-St%C3%A5hlfors_653)
Carl-Starfelt_875,STARFELT Carl,Spelare i IFK Göteborg (ifkdb.se ID Carl-Starfelt_875)
David-Stenman_830,STENMAN David,Spelare i IFK Göteborg (ifkdb.se ID David-Stenman_830)
B%C3%B6rje-Stensson_647,STENSSON Börje,Spelare i IFK Göteborg (ifkdb.se ID B%C3%B6rje-Stensson_647)
Hannes-Stiller+%28Tobiasson%29_831,STILLER Hannes,Spelare i IFK Göteborg (ifkdb.se ID Hannes-Stiller+%28Tobiasson%29_831)
Zoran-Stojcevski_648,STOJCEVSKI Zoran,Spelare i IFK Göteborg (ifkdb.se ID Zoran-Stojcevski_648)
Olof-Stolt_649,STOLT Olof,Spelare i IFK Göteborg (ifkdb.se ID Olof-Stolt_649)
Lennart-Str%C3%B6m_650,STRÖM Lennart,Spelare i IFK Göteborg (ifkdb.se ID Lennart-Str%C3%B6m_650)
Glenn-Str%C3%B6mberg_651,STRÖMBERG Glenn,Spelare i IFK Göteborg (ifkdb.se ID Glenn-Str%C3%B6mberg_651)
Kjell-Sundh_654,SUNDH Kjell,Spelare i IFK Göteborg (ifkdb.se ID Kjell-Sundh_654)
Kenneth-Sundin_655,SUNDIN Kenneth,Spelare i IFK Göteborg (ifkdb.se ID Kenneth-Sundin_655)
Verner-Sundvall_656,SUNDVALL Verner,Spelare i IFK Göteborg (ifkdb.se ID Verner-Sundvall_656)
Allan-Svantesson_657,SVANTESSON Allan,Spelare i IFK Göteborg (ifkdb.se ID Allan-Svantesson_657)
Ulf-Sv%C3%A4rd_679,SVÄRD Ulf,Spelare i IFK Göteborg (ifkdb.se ID Ulf-Sv%C3%A4rd_679)
Peter-Sv%C3%A4rdeg%C3%A5rd_678,SVÄRDEGÅRD Peter,Spelare i IFK Göteborg (ifkdb.se ID Peter-Sv%C3%A4rdeg%C3%A5rd_678)
-Svensson_676,SVENSSON,Spelare i IFK Göteborg (ifkdb.se ID -Svensson_676)
Elis-Svensson_658,SVENSSON Elis,Spelare i IFK Göteborg (ifkdb.se ID Elis-Svensson_658)
G%C3%B6te-Svensson_660,SVENSSON Göte,Spelare i IFK Göteborg (ifkdb.se ID G%C3%B6te-Svensson_660)
Gustav-Svensson_832,SVENSSON Gustav,Spelare i IFK Göteborg (ifkdb.se ID Gustav-Svensson_832)
Harry-Svensson_662,SVENSSON Harry,Spelare i IFK Göteborg (ifkdb.se ID Harry-Svensson_662)
Henning-Svensson_663,SVENSSON Henning,Spelare i IFK Göteborg (ifkdb.se ID Henning-Svensson_663)
Ingvar-Svensson_664,SVENSSON Ingvar,Spelare i IFK Göteborg (ifkdb.se ID Ingvar-Svensson_664)
Jan-%C3%85ke-Svensson_665,SVENSSON Jan-Åke,Spelare i IFK Göteborg (ifkdb.se ID Jan-%C3%85ke-Svensson_665)
Jonathan-Svensson_453,SVENSSON Jonathan,Spelare i IFK Göteborg (ifkdb.se ID Jonathan-Svensson_453)
Karl-Svensson_667,SVENSSON Karl,Spelare i IFK Göteborg (ifkdb.se ID Karl-Svensson_667)
Leif-Svensson_668,SVENSSON Leif,Spelare i IFK Göteborg (ifkdb.se ID Leif-Svensson_668)
Mats-Svensson_669,SVENSSON Mats,Spelare i IFK Göteborg (ifkdb.se ID Mats-Svensson_669)
Ola-Svensson_670,SVENSSON Ola,Spelare i IFK Göteborg (ifkdb.se ID Ola-Svensson_670)
Ragnar-Svensson_671,SVENSSON Ragnar,Spelare i IFK Göteborg (ifkdb.se ID Ragnar-Svensson_671)
Ruben-Svensson_672,SVENSSON Ruben,Spelare i IFK Göteborg (ifkdb.se ID Ruben-Svensson_672)
Sami-Svensson_673,SVENSSON Sami,Spelare i IFK Göteborg (ifkdb.se ID Sami-Svensson_673)
Torsten-Svensson_674,SVENSSON Torsten,Spelare i IFK Göteborg (ifkdb.se ID Torsten-Svensson_674)
Urban-Svensson_675,SVENSSON Urban,Spelare i IFK Göteborg (ifkdb.se ID Urban-Svensson_675)
G%C3%B6sta-Swerin_677,SWERIN Gösta,Spelare i IFK Göteborg (ifkdb.se ID G%C3%B6sta-Swerin_677)
Gerhard-T%C3%A4ll_683,TÄLL Gerhard,Spelare i IFK Göteborg (ifkdb.se ID Gerhard-T%C3%A4ll_683)
Olof-Tell_684,TELL Olof,Spelare i IFK Göteborg (ifkdb.se ID Olof-Tell_684)
Ove-Tengberg_685,TENGBERG Ove,Spelare i IFK Göteborg (ifkdb.se ID Ove-Tengberg_685)
Jan-Tengwall+%28Prochazka%29_591,TENGWALL Jan,Spelare i IFK Göteborg (ifkdb.se ID Jan-Tengwall+%28Prochazka%29_591)
Emmanuel-Tetteh_686,TETTEH Emmanuel,Spelare i IFK Göteborg (ifkdb.se ID Emmanuel-Tetteh_686)
Eric-Thelander_687,THELANDER Eric,Spelare i IFK Göteborg (ifkdb.se ID Eric-Thelander_687)
Ove-Thelin_688,THELIN Ove,Spelare i IFK Göteborg (ifkdb.se ID Ove-Thelin_688)
Simon-Thern_933,THERN Simon,Spelare i IFK Göteborg (ifkdb.se ID Simon-Thern_933)
Kolbeinn-Thordarson_968,THORDARSON Kolbeinn,Spelare i IFK Göteborg (ifkdb.se ID Kolbeinn-Thordarson_968)
Fredrik-Thor%C3%A9n_689,THORÉN Fredrik,Spelare i IFK Göteborg (ifkdb.se ID Fredrik-Thor%C3%A9n_689)
Oliver-Thoreson_964,THORESON Oliver,Spelare i IFK Göteborg (ifkdb.se ID Oliver-Thoreson_964)
Karl-Thorin_690,THORIN Karl,Spelare i IFK Göteborg (ifkdb.se ID Karl-Thorin_690)
Odd-Thorstenson+%28Torstensson%29_696,THORSTENSON Odd,Spelare i IFK Göteborg (ifkdb.se ID Odd-Thorstenson+%28Torstensson%29_696)
Erik-Thorstvedt_691,THORSTVEDT Erik,Spelare i IFK Göteborg (ifkdb.se ID Erik-Thorstvedt_691)
Carl-Olof-Thunberg_692,THUNBERG Carl-Olof,Spelare i IFK Göteborg (ifkdb.se ID Carl-Olof-Thunberg_692)
Erik-Thyberg_693,THYBERG Erik,Spelare i IFK Göteborg (ifkdb.se ID Erik-Thyberg_693)
Adil-Titi_891,TITI Adil,Spelare i IFK Göteborg (ifkdb.se ID Adil-Titi_891)
Ove-Tobiasson_695,TOBIASSON Ove,Spelare i IFK Göteborg (ifkdb.se ID Ove-Tobiasson_695)
Nzuzi-Toko_903,TOKO Nzuzi,Spelare i IFK Göteborg (ifkdb.se ID Nzuzi-Toko_903)
Noah-Tolf_984,TOLF Noah,Spelare i IFK Göteborg (ifkdb.se ID Noah-Tolf_984)
Jesper-Tolinsson_916,TOLINSSON Jesper,Spelare i IFK Göteborg (ifkdb.se ID Jesper-Tolinsson_916)
Konrad-T%C3%B6rnqvist_699,TÖRNQVIST Konrad,Spelare i IFK Göteborg (ifkdb.se ID Konrad-T%C3%B6rnqvist_699)
Roland-Torstensson_697,TORSTENSSON Roland,Spelare i IFK Göteborg (ifkdb.se ID Roland-Torstensson_697)
Arne-Tranberg_698,TRANBERG Arne,Spelare i IFK Göteborg (ifkdb.se ID Arne-Tranberg_698)
Anders-Trondsen_412,TRONDSEN Anders,Spelare i IFK Göteborg (ifkdb.se ID Anders-Trondsen_412)
Tuomo-Turunen_834,TURUNEN Tuomo,Spelare i IFK Göteborg (ifkdb.se ID Tuomo-Turunen_834)
Vilmer-Tyr%C3%A9n_969,TYRÉN Vilmer,Spelare i IFK Göteborg (ifkdb.se ID Vilmer-Tyr%C3%A9n_969)
Eric-Uhl%C3%A9n_700,UHLÉN Eric,Spelare i IFK Göteborg (ifkdb.se ID Eric-Uhl%C3%A9n_700)
Martin-Ulander_701,ULANDER Martin,Spelare i IFK Göteborg (ifkdb.se ID Martin-Ulander_701)
Hj%C3%B6rtur+Logi-Valgardsson_835,VALGARDSSON Hjörtur Logi,Spelare i IFK Göteborg (ifkdb.se ID Hj%C3%B6rtur+Logi-Valgardsson_835)
Tim-van+Assema_907,VAN ASSEMA Tim,Spelare i IFK Göteborg (ifkdb.se ID Tim-van+Assema_907)
Andr%C3%A9s-Vasquez_836,VASQUEZ Andrés,Spelare i IFK Göteborg (ifkdb.se ID Andr%C3%A9s-Vasquez_836)
Magnus-Verdin_719,VERDIN Magnus,Spelare i IFK Göteborg (ifkdb.se ID Magnus-Verdin_719)
Lasse-Vibe_837,VIBE Lasse,Spelare i IFK Göteborg (ifkdb.se ID Lasse-Vibe_837)
Robert-Vilahamn+%28Karlsson%29_384,VILAHAMN Robert,Spelare i IFK Göteborg (ifkdb.se ID Robert-Vilahamn+%28Karlsson%29_384)
Bernardo-Vilar_936,VILAR Bernardo,Spelare i IFK Göteborg (ifkdb.se ID Bernardo-Vilar_936)
Oscar-Vilhelmsson_909,VILHELMSSON Oscar,Spelare i IFK Göteborg (ifkdb.se ID Oscar-Vilhelmsson_909)
Erik-Vingner_725,VINGNER Erik,Spelare i IFK Göteborg (ifkdb.se ID Erik-Vingner_725)
Erik-Wahlstedt_702,WAHLSTEDT Erik,Spelare i IFK Göteborg (ifkdb.se ID Erik-Wahlstedt_702)
Jonas-Wallerstedt_838,WALLERSTEDT Jonas,Spelare i IFK Göteborg (ifkdb.se ID Jonas-Wallerstedt_838)
Bror-Wallin_703,WALLIN Bror,Spelare i IFK Göteborg (ifkdb.se ID Bror-Wallin_703)
Jan-Wallin_704,WALLIN Jan,Spelare i IFK Göteborg (ifkdb.se ID Jan-Wallin_704)
Lennart-Wallin_705,WALLIN Lennart,Spelare i IFK Göteborg (ifkdb.se ID Lennart-Wallin_705)
Nils-Wallin_706,WALLIN Nils,Spelare i IFK Göteborg (ifkdb.se ID Nils-Wallin_706)
Viktor-Wallin_707,WALLIN Viktor,Spelare i IFK Göteborg (ifkdb.se ID Viktor-Wallin_707)
Karl-Erik-Wallman_708,WALLMAN Karl-Erik,Spelare i IFK Göteborg (ifkdb.se ID Karl-Erik-Wallman_708)
Stefan-W%C3%A4ttring_730,WÄTTRING Stefan,Spelare i IFK Göteborg (ifkdb.se ID Stefan-W%C3%A4ttring_730)
Jake-Weisbrod_897,WEISBROD Jake,Spelare i IFK Göteborg (ifkdb.se ID Jake-Weisbrod_897)
Joakim-Wendt_710,WENDT Joakim,Spelare i IFK Göteborg (ifkdb.se ID Joakim-Wendt_710)
Leif-Wendt_712,WENDT Leif,Spelare i IFK Göteborg (ifkdb.se ID Leif-Wendt_712)
Leif-Wendt_994,WENDT Leif,Spelare i IFK Göteborg (ifkdb.se ID Leif-Wendt_994)
Oscar-Wendt_713,WENDT Oscar,Spelare i IFK Göteborg (ifkdb.se ID Oscar-Wendt_713)
Gunnar-Wenzel_714,WENZEL Gunnar,Spelare i IFK Göteborg (ifkdb.se ID Gunnar-Wenzel_714)
Nils-Wenzel_715,WENZEL Nils,Spelare i IFK Göteborg (ifkdb.se ID Nils-Wenzel_715)
Rune-Wenzel_716,WENZEL Rune,Spelare i IFK Göteborg (ifkdb.se ID Rune-Wenzel_716)
Pontus-Wernbloom_839,WERNBLOOM Pontus,Spelare i IFK Göteborg (ifkdb.se ID Pontus-Wernbloom_839)
Gustaf-Werner_720,WERNER Gustaf,Spelare i IFK Göteborg (ifkdb.se ID Gustaf-Werner_720)
Lars-Werner_721,WERNER Lars,Spelare i IFK Göteborg (ifkdb.se ID Lars-Werner_721)
Thomas-Wernerson_722,WERNERSON Thomas,Spelare i IFK Göteborg (ifkdb.se ID Thomas-Wernerson_722)
Victor-Wernersson_883,WERNERSSON Victor,Spelare i IFK Göteborg (ifkdb.se ID Victor-Wernersson_883)
Daniel-Westlin_724,WESTLIN Daniel,Spelare i IFK Göteborg (ifkdb.se ID Daniel-Westlin_724)
Gustav-Westlund_723,WESTLUND Gustav,Spelare i IFK Göteborg (ifkdb.se ID Gustav-Westlund_723)
Tonie-Wiklander_727,WIKLANDER Tonie,Spelare i IFK Göteborg (ifkdb.se ID Tonie-Wiklander_727)
Bengt-Wikstr%C3%B6m_728,WIKSTRÖM Bengt,Spelare i IFK Göteborg (ifkdb.se ID Bengt-Wikstr%C3%B6m_728)
Rasmus-Wikstr%C3%B6m_895,WIKSTRÖM Rasmus,Spelare i IFK Göteborg (ifkdb.se ID Rasmus-Wikstr%C3%B6m_895)
Axel-Wing%C3%A5rd_729,WINGÅRD Axel,Spelare i IFK Göteborg (ifkdb.se ID Axel-Wing%C3%A5rd_729)
Samuel-Wowoah_840,WOWOAH Samuel,Spelare i IFK Göteborg (ifkdb.se ID Samuel-Wowoah_840)
Magnus-Wygler+%28Brunb%C3%A4ck%29_133,WYGLER Magnus,Spelare i IFK Göteborg (ifkdb.se ID Magnus-Wygler+%28Brunb%C3%A4ck%29_133)
Kjetil-W%C3%A6hler_841,WÆHLER Kjetil,Spelare i IFK Göteborg (ifkdb.se ID Kjetil-W%C3%A6hler_841)
Kevin-Yakob_928,YAKOB Kevin,Spelare i IFK Göteborg (ifkdb.se ID Kevin-Yakob_928)
Malick-Yalcouy%C3%A9_959,YALCOUYÉ Malick,Spelare i IFK Göteborg (ifkdb.se ID Malick-Yalcouy%C3%A9_959)
Rockson-Yeboah_992,YEBOAH Rockson,Spelare i IFK Göteborg (ifkdb.se ID Rockson-Yeboah_992)
Alhassan-Yusuf_886,YUSUF Alhassan,Spelare i IFK Göteborg (ifkdb.se ID Alhassan-Yusuf_886)
Gunnar-Zacharoff_731,ZACHAROFF Gunnar,Spelare i IFK Göteborg (ifkdb.se ID Gunnar-Zacharoff_731)
Harry-Zachrisson_733,ZACHRISSON Harry,Spelare i IFK Göteborg (ifkdb.se ID Harry-Zachrisson_733)
Hampus-Zackrisson_842,ZACKRISSON Hampus,Spelare i IFK Göteborg (ifkdb.se ID Hampus-Zackrisson_842)
Benjamin-Zalo_867,ZALO Benjamin,Spelare i IFK Göteborg (ifkdb.se ID Benjamin-Zalo_867)
Lars-Zetterlund_735,ZETTERLUND Lars,Spelare i IFK Göteborg (ifkdb.se ID Lars-Zetterlund_735)
Walker-Zimmerman_888,ZIMMERMAN Walker,Spelare i IFK Göteborg (ifkdb.se ID Walker-Zimmerman_888)
Kenneth-Zohore_843,ZOHORE Kenneth,Spelare i IFK Göteborg (ifkdb.se ID Kenneth-Zohore_843)
