id,name,desc,type,q
Suleiman-Abdullahi_734,Suleiman Abdullahi,"anfallare i IFK Göteborg, sista säsong 2024",Q5,Q19391100
Jan-Åberg_736,Jan Åberg,"målvakt i IFK Göteborg, sista säsong 1964",Q5,
Paulos-Abraham_985,Paulos Abraham,"mittfältare i IFK Göteborg, sista säsong 2024",Q5,Q87818743
Sargon-Abraham_881,Sargon Abraham,"anfallare i IFK Göteborg, sista säsong 2020",Q5,Q54478488
Harvid-Abrahamsson_1,Harvid Abrahamsson,IFK Göteborg-spelare enligt ifkdb.se,Q5,Q121075792
Henok-Abrahamsson_2,Henok Abrahamsson,IFK Göteborg-spelare enligt ifkdb.se,Q5,Q686014
Sam-Adekugbe_869,Sam Adekugbe,"IFK Göteborg-spelare, sista säsong 2017",Q5,Q16146319
Mustapha-Adio+Ojora_961,Ojora Mustapha Adio,"anfallare i IFK Göteborg, sista säsong 2023",Q5,
Amin-Affane_877,Amin Affane,"mittfältare i IFK Göteborg, sista säsong 2020",Q5,Q795483
Bror-Agernäs_3,Bror Agernäs,IFK Göteborg-spelare enligt ifkdb.se,Q5,Q121143377
Thomas-Ågren_737,Thomas Ågren,"mittfältare i IFK Göteborg, sista säsong 1966",Q5,
Anders-Ahlberg_4,Anders Ahlberg,"anfallare i IFK Göteborg, sista säsong 1980",Q5,
Lars-Erik-Ahlberg_921,Lars-Erik Ahlberg,"IFK Göteborg-spelare, sista säsong 1966",Q5,Q1806144
Lars-Gunnar-Ahlberg_5,Lars-Gunnar Ahlberg,IFK Göteborg-spelare enligt ifkdb.se,Q5,Q121143379
Hosam-Aiesh_906,Hosam Aiesh,"anfallare i IFK Göteborg, sista säsong 2022",Q5,Q20652772
Mauritz-Åkervall_738,Mauritz Åkervall,IFK Göteborg-spelare enligt ifkdb.se,Q5,Q124354542
Amir-Al-Ammari_940,Amir Al-Ammari,"mittfältare i IFK Göteborg, sista säsong 2023",Q5,Q51756997
Mohanad-Al-Jarah_977,Mohanad Al-Jarah,"IFK Göteborg-spelare, sista säsong 2024",Q5,
Leif-Albinsson_7,Leif Albinsson,"IFK Göteborg-spelare, sista säsong 1963",Q5,
Rein-Albo_8,Rein Albo,"IFK Göteborg-spelare, sista säsong 1978",Q5,
Mauricio-Albornoz_862,Mauricio Albornoz,"mittfältare i IFK Göteborg, sista säsong 2016",Q5,Q5545643
Mads-Albæk_851,Mads Albæk,"mittfältare i IFK Göteborg, sista säsong 2017",Q5,Q2053511
Villy-Aldebrink+(Andersson)_75,Villy Aldebrink,IFK Göteborg-spelare enligt ifkdb.se,Q5,Q121160716
Haitam-Aleesami_847,Haitam Aleesami,"mittfältare i IFK Göteborg, sista säsong 2016",Q5,Q5639659
Daniel-Alexandersson_746,Daniel Alexandersson,"anfallare i IFK Göteborg, sista säsong 2009",Q5,Q1159898
Niclas-Alexandersson_9,Niclas Alexandersson,"mittfältare i IFK Göteborg, sista säsong 2009",Q5,Q258214
Noah-Alexandersson_901,Noah Alexandersson,"mittfältare i IFK Göteborg, sista säsong 2022",Q5,Q66845344
Ruben-Alexandersson_10,Ruben Alexandersson,IFK Göteborg-spelare enligt ifkdb.se,Q5,Q119154499
Axel-Alfredsson_11,Axel Alfredsson,IFK Göteborg-spelare enligt ifkdb.se,Q5,Q722274
Gunde-Algebäck_12,Gunde Algebäck,"anfallare i IFK Göteborg, sista säsong 1972",Q5,
Saidou-Alioum_1001,Saidou Alioum,IFK Göteborg-spelare enligt ifkdb.se,Q5,Q116995681
Joel-Allansson_747,Joel Allansson,"mittfältare i IFK Göteborg, sista säsong 2014",Q5,Q5546809
Henry-Almborg_13,Henry Almborg,IFK Göteborg-spelare enligt ifkdb.se,Q5,
Henry-Almén_14,Henry Almén,IFK Göteborg-spelare enligt ifkdb.se,Q5,Q15815146
Reine-Almqvist_15,Reine Almqvist,"anfallare i IFK Göteborg, sista säsong 1980",Q5,Q1114216
Rolf-Almqvist_16,Rolf Almqvist,IFK Göteborg-spelare enligt ifkdb.se,Q5,Q120446085
Erik-Alstam_6,Erik Alstam,IFK Göteborg-spelare enligt ifkdb.se,Q5,Q135257517
John-Alvbåge_748,John Alvbåge,"målvakt i IFK Göteborg, sista säsong 2016",Q5,Q464550
Filip-Ambrož_931,Filip Ambrož,"mittfältare i IFK Göteborg, sista säsong 2023",Q5,Q107000235
Sixten-Ammerfelt+(Andersson)_66,Sixten Ammerfelt,IFK Göteborg-spelare enligt ifkdb.se,Q5,
Tom-Amos_887,Tom Amos,"målvakt i IFK Göteborg, sista säsong 2021",Q5,Q56743178
Niklas-Andersen_749,Niklas Andersen,"IFK Göteborg-spelare, sista säsong 2010",Q5,Q5553300
Anders-Andersson_174,Anders Andersson,"mittfältare i IFK Göteborg, sista säsong 1973",Q5,
Andreas-Andersson_20,Andreas Andersson,"anfallare i IFK Göteborg, sista säsong 1997",Q5,Q495810
Arne-Andersson_21,Arne Andersson,IFK Göteborg-spelare enligt ifkdb.se,Q5,
Arnold-Andersson_22,Arnold Andersson,IFK Göteborg-spelare enligt ifkdb.se,Q5,
Arthur-Andersson_23,Arthur Andersson,IFK Göteborg-spelare enligt ifkdb.se,Q5,Q121052852
Bengt-Andersson_24,Bengt Andersson,"målvakt i IFK Göteborg, sista säsong 2007",Q5,Q197510
Bo-Andersson_25,Bo Andersson,IFK Göteborg-spelare enligt ifkdb.se,Q5,Q121143382
Carl-Fredrik-Andersson_27,Carl-Fredrik Andersson,IFK Göteborg-spelare enligt ifkdb.se,Q5,Q121075841
Clas-Andersson_41,Clas Andersson,IFK Göteborg-spelare enligt ifkdb.se,Q5,
David-Andersson_28,David Andersson,IFK Göteborg-spelare enligt ifkdb.se,Q5,Q121143384
Dick-Andersson_29,Dick Andersson,IFK Göteborg-spelare enligt ifkdb.se,Q5,Q121143385
Einar-Andersson_30,Einar Andersson,IFK Göteborg-spelare enligt ifkdb.se,Q5,Q121075908
Erik-Andersson_31,Erik Andersson,IFK Göteborg-spelare enligt ifkdb.se,Q5,Q121143387
Ernst-Andersson_32,Ernst Andersson,IFK Göteborg-spelare enligt ifkdb.se,Q5,Q1357372
Evald-Andersson_33,Evald Andersson,IFK Göteborg-spelare enligt ifkdb.se,Q5,Q121143388
Fredrik-Andersson_34,Fredrik Andersson,"målvakt i IFK Göteborg, sista säsong 2000",Q5,
Georg-Andersson_35,Georg Andersson,"mittfältare i IFK Göteborg, sista säsong 1975",Q5,
Gösta-Andersson_39,Gösta Andersson,IFK Göteborg-spelare enligt ifkdb.se,Q5,Q121143392
Göte-Andersson_40,Göte Andersson,IFK Göteborg-spelare enligt ifkdb.se,Q5,Q121160713
Gunnar-Andersson_37,Gunnar Andersson,IFK Göteborg-spelare enligt ifkdb.se,Q5,Q1389203
Gustaf-Andersson_38,Gustaf Andersson,"anfallare i IFK Göteborg, sista säsong 2002",Q5,Q680811
Helge-Andersson_42,Helge Andersson,IFK Göteborg-spelare enligt ifkdb.se,Q5,Q121160714
Henry-Andersson_44,Henry Andersson,IFK Göteborg-spelare enligt ifkdb.se,Q5,Q5554786
Ivar-Andersson_45,Ivar Andersson,IFK Göteborg-spelare enligt ifkdb.se,Q5,
John-Andersson_912,John Andersson,IFK Göteborg-spelare enligt ifkdb.se,Q5,
John-Andersson_46,John Andersson,IFK Göteborg-spelare enligt ifkdb.se,Q5,
John-Andersson_47,John Andersson,IFK Göteborg-spelare enligt ifkdb.se,Q5,Q121160715
Karl-Andersson_952,Karl Andersson,IFK Göteborg-spelare enligt ifkdb.se,Q5,
Karl-Andersson_48,Karl Andersson,IFK Göteborg-spelare enligt ifkdb.se,Q5,
Kennet-Andersson_49,Kennet Andersson,"anfallare i IFK Göteborg, sista säsong 1991",Q5,Q352241
Kent-Andersson_50,Kent Andersson,"IFK Göteborg-spelare, sista säsong 1974",Q5,
Kevin-Andersson_898,Kevin Andersson,"försvarare i IFK Göteborg, sista säsong 2015",Q5,
Lars-Andersson_51,Lars Andersson,"målvakt i IFK Göteborg, sista säsong 1959",Q5,
Leif-Andersson_52,Leif Andersson,"anfallare i IFK Göteborg, sista säsong 1974",Q5,Q5555306
Lennart-Andersson_53,Lennart Andersson,IFK Göteborg-spelare enligt ifkdb.se,Q5,Q125253032
Lennart-Andersson_54,Lennart Andersson,IFK Göteborg-spelare enligt ifkdb.se,Q5,Q125253044
Lindoff-Andersson_55,Lindoff Andersson,IFK Göteborg-spelare enligt ifkdb.se,Q5,Q121075864
Michael-Andersson_56,Michael Andersson,"mittfältare i IFK Göteborg, sista säsong 1988",Q5,Q264926
Mikael-Andersson_750,Mikael Andersson,"försvarare i IFK Göteborg, sista säsong 2009",Q5,
Nils-Andersson_57,Nils Andersson,IFK Göteborg-spelare enligt ifkdb.se,Q5,Q1992244
Oscar-Andersson_58,Oscar Andersson,"IFK Göteborg-spelare, sista säsong 1995",Q5,
Otto-Andersson_59,Otto Andersson,IFK Göteborg-spelare enligt ifkdb.se,Q5,Q965710
Patric-Andersson_60,Patric Andersson,"anfallare i IFK Göteborg, sista säsong 2004",Q5,Q5555731
Peter-Andersson_61,Peter Andersson,"mittfältare i IFK Göteborg, sista säsong 1985",Q5,
Raymond-Andersson_62,Raymond Andersson,"försvarare i IFK Göteborg, sista säsong 1975",Q5,
Robert-Andersson_63,Robert Andersson,"anfallare i IFK Göteborg, sista säsong 1998",Q5,Q5555906
Roger-Andersson_64,Roger Andersson,IFK Göteborg-spelare enligt ifkdb.se,Q5,
Rolf-Andersson_924,Rolf Andersson,IFK Göteborg-spelare enligt ifkdb.se,Q5,
Stefan-Andersson_67,Stefan Andersson,"mittfältare i IFK Göteborg, sista säsong 1975",Q5,
Stellan-Andersson_68,Stellan Andersson,IFK Göteborg-spelare enligt ifkdb.se,Q5,
Sven-Andersson_69,Sven Andersson,IFK Göteborg-spelare enligt ifkdb.se,Q5,Q131329219
Tage-Andersson_70,Tage Andersson,IFK Göteborg-spelare enligt ifkdb.se,Q5,
Teodor-Andersson_71,Teodor Andersson,IFK Göteborg-spelare enligt ifkdb.se,Q5,Q15850615
Thomas-Andersson_73,Thomas Andersson,"mittfältare i IFK Göteborg, sista säsong 1993",Q5,Q132644350
Verner-Andersson_74,Verner Andersson,IFK Göteborg-spelare enligt ifkdb.se,Q5,Q125252994
Viktor-Andersson_1012,Viktor Andersson,IFK Göteborg-spelare enligt ifkdb.se,Q5,Q125301644
Conny-Andreasson_76,Conny Andreasson,IFK Göteborg-spelare enligt ifkdb.se,Q5,
Kenny-Andrén_77,Kenny Andrén,"IFK Göteborg-spelare, sista säsong 1971",Q5,
Johan-Anegrund_78,Johan Anegrund,"försvarare i IFK Göteborg, sista säsong 1999",Q5,Q3180374
Giannis-Anestis_899,Giannis Anestis,"målvakt i IFK Göteborg, sista säsong 2021",Q5,Q16233813
Jakob-Ankersen_858,Jakob Ankersen,"IFK Göteborg-spelare, sista säsong 2016",Q5,Q6125232
Henry-Antfors+(Andersson)_43,Henry Antfors,IFK Göteborg-spelare enligt ifkdb.se,Q5,Q116810763
Mikael-Antonsson_79,Mikael Antonsson,"mittfältare i IFK Göteborg, sista säsong 2004",Q5,Q361403
Arne-Appelgren_80,Arne Appelgren,IFK Göteborg-spelare enligt ifkdb.se,Q5,
Joel-Appelgren_81,Joel Appelgren,IFK Göteborg-spelare enligt ifkdb.se,Q5,
Sven-Appelgren_82,Sven Appelgren,IFK Göteborg-spelare enligt ifkdb.se,Q5,Q132183452
Gunnar-Arcadius_83,Gunnar Arcadius,IFK Göteborg-spelare enligt ifkdb.se,Q5,Q121160717
Lars-Erik-Arvelin_84,Lars-Erik Arvelin,IFK Göteborg-spelare enligt ifkdb.se,Q5,Q138557317
Nicklas-Asp_752,Nicklas Asp,"anfallare i IFK Göteborg, sista säsong 2005",Q5,
Vilgot-Aspengren_85,Vilgot Aspengren,IFK Göteborg-spelare enligt ifkdb.se,Q5,
William-Atashkadeh_753,William Atashkadeh,"anfallare i IFK Göteborg, sista säsong 2010",Q5,Q5561849
Bernt-Attemalm_86,Bernt Attemalm,"IFK Göteborg-spelare, sista säsong 1960",Q5,Q126454016
Ludwig-Augustinsson_754,Ludwig Augustinsson,"IFK Göteborg-spelare, sista säsong 2014",Q5,Q4806248
Kenth-Augustsson_87,Kenth Augustsson,"mittfältare i IFK Göteborg, sista säsong 1973",Q5,
Torsten-Augustsson_88,Torsten Augustsson,IFK Göteborg-spelare enligt ifkdb.se,Q5,Q121160718
Jonathan-Azulay_755,Jonathan Azulay,"IFK Göteborg-spelare, sista säsong 2014",Q5,Q4125064
Nikolai-Baden_993,Nikolai Baden,"anfallare i IFK Göteborg, sista säsong 2024",Q5,Q43801944
Jonas-Bager_988,Jonas Bager,IFK Göteborg-spelare enligt ifkdb.se,Q5,Q23772459
Ulf-Bång+(Johansson)_356,Ulf Bång,"mittfältare i IFK Göteborg, sista säsong 1991",Q5,Q132442714
Johan-Bångsbo_944,Johan Bångsbo,"IFK Göteborg-spelare, sista säsong 2024",Q5,Q112036884
Nicklas-Bärkroth_765,Nicklas Bärkroth,"anfallare i IFK Göteborg, sista säsong 2012",Q5,Q940818
Stefan-Bärlin_135,Stefan Bärlin,"mittfältare i IFK Göteborg, sista säsong 1999",Q5,Q505895
Elis-Barlind_983,Elis Barlind,IFK Göteborg-spelare enligt ifkdb.se,Q5,
Junes-Barny_902,Junes Barny,"mittfältare i IFK Göteborg, sista säsong 2019",Q5,Q16945082
Lee-Baxter_756,Lee Baxter,"målvakt i IFK Göteborg, sista säsong 2004",Q5,Q128845
Jan-Bender_90,Jan Bender,"försvarare i IFK Göteborg, sista säsong 1972",Q5,
Adam+Ingi-Benediktsson_937,Adam Ingi Benediktsson,"målvakt i IFK Göteborg, sista säsong 2024",Q5,Q109819079
Åke-Bengtsson_95,Åke Bengtsson,IFK Göteborg-spelare enligt ifkdb.se,Q5,Q138548544
Algot-Bengtsson_91,Algot Bengtsson,IFK Göteborg-spelare enligt ifkdb.se,Q5,Q121160719
Patrik-Bengtsson_93,Patrik Bengtsson,"anfallare i IFK Göteborg, sista säsong 1995",Q5,Q101664653
Sture-Bengtsson_94,Sture Bengtsson,IFK Göteborg-spelare enligt ifkdb.se,Q5,
Holger-Bennhov+(Bengtsson)_92,Holger Bennhov,IFK Göteborg-spelare enligt ifkdb.se,Q5,Q126880260
Lion-Beqiri_980,Lion Beqiri,"anfallare i IFK Göteborg, sista säsong 2024",Q5,Q125270101
Bror-Berg_97,Bror Berg,IFK Göteborg-spelare enligt ifkdb.se,Q5,Q121160720
Fritz-Berg_98,Fritz Berg,IFK Göteborg-spelare enligt ifkdb.se,Q5,Q101112475
Jonatan-Berg_758,Jonatan Berg,"anfallare i IFK Göteborg, sista säsong 2008",Q5,Q768352
Kent-Berg_99,Kent Berg,"försvarare i IFK Göteborg, sista säsong 1960",Q5,
Marcus-Berg_757,Marcus Berg,"anfallare i IFK Göteborg, sista säsong 2023",Q5,Q311910
Harry-Bergelin_102,Harry Bergelin,IFK Göteborg-spelare enligt ifkdb.se,Q5,Q121160721
Hans-Bergendahl_100,Hans Bergendahl,"målvakt i IFK Göteborg, sista säsong 1972",Q5,
Fred-Berglin_908,Fred Berglin,"IFK Göteborg-spelare, sista säsong 2019",Q5,
Olof-Berglund_103,Olof Berglund,IFK Göteborg-spelare enligt ifkdb.se,Q5,
Evert-Bergman_104,Evert Bergman,IFK Göteborg-spelare enligt ifkdb.se,Q5,
Jakob-Bergman_861,Jakob Bergman,"försvarare i IFK Göteborg, sista säsong 2015",Q5,Q26211825
Uno-Bergman_105,Uno Bergman,IFK Göteborg-spelare enligt ifkdb.se,Q5,Q121160722
Adam-Bergmark+Wiberg_1013,Wiberg Adam Bergmark,IFK Göteborg-spelare enligt ifkdb.se,Q5,Q37012842
Erik-Bergqvist_101,Erik Bergqvist,IFK Göteborg-spelare enligt ifkdb.se,Q5,Q120963096
Algot-Bergström_106,Algot Bergström,IFK Göteborg-spelare enligt ifkdb.se,Q5,Q121160723
Erik-Bergström_109,Erik Bergström,IFK Göteborg-spelare enligt ifkdb.se,Q5,Q1353833
Henrik-Bergström_107,Henrik Bergström,IFK Göteborg-spelare enligt ifkdb.se,Q5,Q124414097
Ralph-Bergström_108,Ralph Bergström,IFK Göteborg-spelare enligt ifkdb.se,Q5,
Bengt-Berndtsson_110,Bengt Berndtsson,IFK Göteborg-spelare enligt ifkdb.se,Q5,Q817210
Elis-Berndtsson_111,Elis Berndtsson,IFK Göteborg-spelare enligt ifkdb.se,Q5,Q121160724
Harry-Berndtsson_112,Harry Berndtsson,IFK Göteborg-spelare enligt ifkdb.se,Q5,
Harry-Berndtsson_923,Harry Berndtsson,IFK Göteborg-spelare enligt ifkdb.se,Q5,
Per-Olof-Berndtsson_114,Per-Olof Berndtsson,IFK Göteborg-spelare enligt ifkdb.se,Q5,
Anders-Bernmar+(Andersson)_19,Anders Bernmar,IFK Göteborg-spelare enligt ifkdb.se,Q5,Q5574006
Algot-Berntsson_113,Algot Berntsson,IFK Göteborg-spelare enligt ifkdb.se,Q5,
Bengt-Bertilsson_115,Bengt Bertilsson,"målvakt i IFK Göteborg, sista säsong 1971",Q5,
Elis-Bishesari_960,Elis Bishesari,IFK Göteborg-spelare enligt ifkdb.se,Q5,Q125292242
Theodor+Elmar-Bjarnason_759,Theodor Elmar Bjarnason,"mittfältare i IFK Göteborg, sista säsong 2011",Q5,Q2552704
Mattias-Bjärsmyr_760,Mattias Bjärsmyr,"IFK Göteborg-spelare, sista säsong 2022",Q5,Q518833
Bill-Björklund_117,Bill Björklund,IFK Göteborg-spelare enligt ifkdb.se,Q5,
Joachim-Björklund_118,Joachim Björklund,"IFK Göteborg-spelare, sista säsong 1995",Q5,Q459873
Leif-Björkman_119,Leif Björkman,IFK Göteborg-spelare enligt ifkdb.se,Q5,Q128790260
Petter-Björlund_761,Petter Björlund,"IFK Göteborg-spelare, sista säsong 2009",Q5,Q5578147
Sam-Bjur_116,Sam Bjur,"anfallare i IFK Göteborg, sista säsong 1986",Q5,
Henrik-Bjørdal_872,Henrik Bjørdal,"IFK Göteborg-spelare, sista säsong 2017",Q5,Q16213248
Ralf-Blom_120,Ralf Blom,IFK Göteborg-spelare enligt ifkdb.se,Q5,
Hans-Blomqvist_121,Hans Blomqvist,"anfallare i IFK Göteborg, sista säsong 2003",Q5,Q5579663
Jesper-Blomqvist_122,Jesper Blomqvist,"anfallare i IFK Göteborg, sista säsong 1996",Q5,Q342387
Rolf-Blomqvist_123,Rolf Blomqvist,"målvakt i IFK Göteborg, sista säsong 1975",Q5,
Karl-Bohm_762,Karl Bohm,"IFK Göteborg-spelare, sista säsong 2015",Q5,Q16229664
Gösta-Bohman_124,Gösta Bohman,IFK Göteborg-spelare enligt ifkdb.se,Q5,Q121160725
Darijan-Bojanic_763,Darijan Bojanic,"mittfältare i IFK Göteborg, sista säsong 2014",Q5,Q5580980
Mikael-Boman_844,Mikael Boman,"anfallare i IFK Göteborg, sista säsong 2017",Q5,Q5581398
Hans-Bomb_125,Hans Bomb,IFK Göteborg-spelare enligt ifkdb.se,Q5,
David-Boo+Wiklander_726,Wiklander David Boo,"IFK Göteborg-spelare, sista säsong 2018",Q5,Q5241069
Alfons-Borén_982,Alfons Borén,IFK Göteborg-spelare enligt ifkdb.se,Q5,
Georg-Borg_126,Georg Borg,IFK Göteborg-spelare enligt ifkdb.se,Q5,Q121160726
Åke-Börjesson_138,Åke Börjesson,IFK Göteborg-spelare enligt ifkdb.se,Q5,
Erik-Börjesson_136,Erik Börjesson,IFK Göteborg-spelare enligt ifkdb.se,Q5,Q351841
Reino-Börjesson_137,Reino Börjesson,IFK Göteborg-spelare enligt ifkdb.se,Q5,Q775980
Rolf-Borssén_127,Rolf Borssén,IFK Göteborg-spelare enligt ifkdb.se,Q5,Q138560385
Roberth-Börve_139,Roberth Börve,"anfallare i IFK Göteborg, sista säsong 1992",Q5,
Harry-Branting_128,Harry Branting,IFK Göteborg-spelare enligt ifkdb.se,Q5,
Benjamin-Brantlind_976,Benjamin Brantlind,IFK Göteborg-spelare enligt ifkdb.se,Q5,Q124734116
Tobias-Bratt_764,Tobias Bratt,"försvarare i IFK Göteborg, sista säsong 2012",Q5,Q15734556
Bror-Brink_129,Bror Brink,IFK Göteborg-spelare enligt ifkdb.se,Q5,Q121008396
Yngve-Brodd_130,Yngve Brodd,IFK Göteborg-spelare enligt ifkdb.se,Q5,Q722121
Oliwer-Brodin_962,Oliwer Brodin,"mittfältare i IFK Göteborg, sista säsong 2023",Q5,
Allan-Brufelt+(Andersson)_18,Allan Brufelt,IFK Göteborg-spelare enligt ifkdb.se,Q5,Q121143380
Andreas-Brunbäck_131,Andreas Brunbäck,"IFK Göteborg-spelare, sista säsong 1994",Q5,
Hans-Brunbäck_132,Hans Brunbäck,IFK Göteborg-spelare enligt ifkdb.se,Q5,
Fredrik-Bryngelsson_134,Fredrik Bryngelsson,"IFK Göteborg-spelare, sista säsong 1994",Q5,Q3752816
Peter-Caban_140,Peter Caban,"mittfältare i IFK Göteborg, sista säsong 1991",Q5,Q133565966
André-Calisir_884,André Calisir,"mittfältare i IFK Göteborg, sista säsong 2020",Q5,Q4759847
Diego-Calvo_766,Diego Calvo,"IFK Göteborg-spelare, sista säsong 2014",Q5,Q3707147
Benny-Canefur_153,Benny Canefur,"anfallare i IFK Göteborg, sista säsong 1980",Q5,
Sören-Canefur_141,Sören Canefur,IFK Göteborg-spelare enligt ifkdb.se,Q5,
Adam-Carlén_958,Adam Carlén,"mittfältare i IFK Göteborg, sista säsong 2025",Q5,Q69043930
Ulf-Carlgren_142,Ulf Carlgren,"försvarare i IFK Göteborg, sista säsong 1985",Q5,Q132860604
Alexander-Carlsson_1011,Alexander Carlsson,IFK Göteborg-spelare enligt ifkdb.se,Q5,
Algot-Carlsson_143,Algot Carlsson,IFK Göteborg-spelare enligt ifkdb.se,Q5,Q121160727
Bengt-Carlsson_144,Bengt Carlsson,IFK Göteborg-spelare enligt ifkdb.se,Q5,
Bror-Carlsson_145,Bror Carlsson,IFK Göteborg-spelare enligt ifkdb.se,Q5,Q15905726
Erik-Carlsson_146,Erik Carlsson,IFK Göteborg-spelare enligt ifkdb.se,Q5,
Jan-Carlsson_147,Jan Carlsson,IFK Göteborg-spelare enligt ifkdb.se,Q5,
Jerry-Carlsson_148,Jerry Carlsson,"mittfältare i IFK Göteborg, sista säsong 1987",Q5,Q5603214
John-Carlsson_378,John Carlsson,IFK Göteborg-spelare enligt ifkdb.se,Q5,
Lennart-Carlsson_381,Lennart Carlsson,IFK Göteborg-spelare enligt ifkdb.se,Q5,
Mats-Ola-Carlsson_150,Mats-Ola Carlsson,"mittfältare i IFK Göteborg, sista säsong 1988",Q5,Q63609798
Nicklas-Carlsson_767,Nicklas Carlsson,"mittfältare i IFK Göteborg, sista säsong 2010",Q5,Q473045
Jan-Carlstedt+(Johansson)_329,Jan Carlstedt,IFK Göteborg-spelare enligt ifkdb.se,Q5,
Linus-Carlstrand_946,Linus Carlstrand,"anfallare i IFK Göteborg, sista säsong 2025",Q5,Q112767025
Viktor-Carlund_1003,Viktor Carlund,IFK Göteborg-spelare enligt ifkdb.se,Q5,
Hussein-Carneil_941,Hussein Carneil,"anfallare i IFK Göteborg, sista säsong 2025",Q5,Q111306648
Kim-Christensen_768,Kim Christensen,"målvakt i IFK Göteborg, sista säsong 2010",Q5,Q973969
Rolf-Christensson_398,Rolf Christensson,IFK Göteborg-spelare enligt ifkdb.se,Q5,Q121160766
Tage-Christoffersson_155,Tage Christoffersson,"målvakt i IFK Göteborg, sista säsong 1979",Q5,
Leif-Claesson_156,Leif Claesson,IFK Göteborg-spelare enligt ifkdb.se,Q5,
Rickard-Claesson_157,Rickard Claesson,"målvakt i IFK Göteborg, sista säsong 2004",Q5,Q2151652
Rune-Claesson_158,Rune Claesson,IFK Göteborg-spelare enligt ifkdb.se,Q5,
Sebastian-Clemmensen_999,Sebastian Clemmensen,IFK Göteborg-spelare enligt ifkdb.se,Q5,Q130741333
Tiago-Coimbra_1010,Tiago Coimbra,IFK Göteborg-spelare enligt ifkdb.se,Q5,
Dan-Corneliusson_159,Dan Corneliusson,"anfallare i IFK Göteborg, sista säsong 1983",Q5,Q571153
Martín-Crossa_160,Martín Crossa,"anfallare i IFK Göteborg, sista säsong 2003",Q5,Q590651
Patrick-Cruz_848,Patrick Cruz,"anfallare i IFK Göteborg, sista säsong 2015",Q5,Q26706897
Kristopher-Da+Graca_870,Graca Kristopher Da,"IFK Göteborg-spelare, sista säsong 2020",Q5,Q37012827
Patrik-Dahbo+(Karlsson)_382,Patrik Dahbo,"mittfältare i IFK Göteborg, sista säsong 1998",Q5,Q129763746
Lennart-Dahlberg_161,Lennart Dahlberg,IFK Göteborg-spelare enligt ifkdb.se,Q5,
Pontus-Dahlberg_865,Pontus Dahlberg,"målvakt i IFK Göteborg, sista säsong 2025",Q5,Q28911572
Erik-Dahlin_769,Erik Dahlin,"målvakt i IFK Göteborg, sista säsong 2019",Q5,Q420126
Edvin-Dahlqvist_892,Edvin Dahlqvist,"försvarare i IFK Göteborg, sista säsong 2019",Q5,Q63801141
Fredrik-Dahlqvist_162,Fredrik Dahlqvist,"försvarare i IFK Göteborg, sista säsong 1996",Q5,
Isak-Dahlqvist_915,Isak Dahlqvist,"IFK Göteborg-spelare, sista säsong 2021",Q5,Q103951530
Erik-Dahlström_163,Erik Dahlström,IFK Göteborg-spelare enligt ifkdb.se,Q5,Q121160728
Lennart-Danielsson_164,Lennart Danielsson,"IFK Göteborg-spelare, sista säsong 1960",Q5,
Sten-Danielsson_166,Sten Danielsson,IFK Göteborg-spelare enligt ifkdb.se,Q5,Q5616888
Sven-Danielsson_167,Sven Danielsson,IFK Göteborg-spelare enligt ifkdb.se,Q5,
Emil-Davidsson_165,Emil Davidsson,IFK Göteborg-spelare enligt ifkdb.se,Q5,Q121160729
Javier-De+Pedro_770,Pedro Javier De,"mittfältare i IFK Göteborg, sista säsong 2005",Q5,Q462237
Marcus-Degerlund_880,Marcus Degerlund,"IFK Göteborg-spelare, sista säsong 2018",Q5,Q29558648
Mamadou-Diallo_168,Mamadou Diallo,"anfallare i IFK Göteborg, sista säsong 2003",Q5,Q2054985
Mix-Diskerud_874,Mix Diskerud,"mittfältare i IFK Göteborg, sista säsong 2018",Q5,Q225583
Rolf-Dönell+(Andersson)_65,Rolf Dönell,IFK Göteborg-spelare enligt ifkdb.se,Q5,Q19758568
Andreas-Drugge_771,Andreas Drugge,"mittfältare i IFK Göteborg, sista säsong 2011",Q5,Q197503
Tord-Dubar_169,Tord Dubar,"anfallare i IFK Göteborg, sista säsong 1960",Q5,
Mikael-Dyrestam_772,Mikael Dyrestam,"mittfältare i IFK Göteborg, sista säsong 2013",Q5,Q3136604
Patrick-Dyrestam_773,Patrick Dyrestam,"IFK Göteborg-spelare, sista säsong 2015",Q5,Q23918684
Franklin-Edenholm_170,Franklin Edenholm,IFK Göteborg-spelare enligt ifkdb.se,Q5,Q121160731
Ralf-Edström_171,Ralf Edström,"anfallare i IFK Göteborg, sista säsong 1979",Q5,Q161918
Sten-Edström_172,Sten Edström,IFK Göteborg-spelare enligt ifkdb.se,Q5,
Victor-Edvardsen_849,Victor Edvardsen,"anfallare i IFK Göteborg, sista säsong 2015",Q5,Q97386372
Erik-Eiserman_173,Erik Eiserman,IFK Göteborg-spelare enligt ifkdb.se,Q5,Q121160732
Nils-Ekeroth_175,Nils Ekeroth,IFK Göteborg-spelare enligt ifkdb.se,Q5,
Rolf-Eklöf_177,Rolf Eklöf,IFK Göteborg-spelare enligt ifkdb.se,Q5,Q138565811
Håkan-Eklund_176,Håkan Eklund,IFK Göteborg-spelare enligt ifkdb.se,Q5,
Björn-Ekman_178,Björn Ekman,IFK Göteborg-spelare enligt ifkdb.se,Q5,
Carl-Ekman_179,Carl Ekman,IFK Göteborg-spelare enligt ifkdb.se,Q5,
Dan-Ekner_180,Dan Ekner,IFK Göteborg-spelare enligt ifkdb.se,Q5,Q1159057
Johnny-Ekström_181,Johnny Ekström,"anfallare i IFK Göteborg, sista säsong 1998",Q5,Q689331
Josef-El+Dana_182,Dana Josef El,"mittfältare i IFK Göteborg, sista säsong 2001",Q5,
Karl-Erik-Eliasson_183,Karl-Erik Eliasson,IFK Göteborg-spelare enligt ifkdb.se,Q5,Q121160733
Göran-Elovsson_184,Göran Elovsson,"mittfältare i IFK Göteborg, sista säsong 1980",Q5,
Rune-Emanuelsson_185,Rune Emanuelsson,IFK Göteborg-spelare enligt ifkdb.se,Q5,Q3942718
Ove-Engström_186,Ove Engström,"IFK Göteborg-spelare, sista säsong 1971",Q5,
Gustav-Engvall_774,Gustav Engvall,"anfallare i IFK Göteborg, sista säsong 2018",Q5,Q15114032
Erhan-Erdogan_775,Erhan Erdogan,"mittfältare i IFK Göteborg, sista säsong 2007",Q5,
Ove-Erickson_196,Ove Erickson,IFK Göteborg-spelare enligt ifkdb.se,Q5,Q121160734
Kurt-Ericsson_188,Kurt Ericsson,IFK Göteborg-spelare enligt ifkdb.se,Q5,
Martin-Ericsson_189,Martin Ericsson,"mittfältare i IFK Göteborg, sista säsong 2003",Q5,Q602051
Pär-Ericsson_776,Pär Ericsson,"anfallare i IFK Göteborg, sista säsong 2012",Q5,Q2120468
Björn-Eriksson_187,Björn Eriksson,IFK Göteborg-spelare enligt ifkdb.se,Q5,Q16632915
Daniel-Eriksson_190,Daniel Eriksson,"IFK Göteborg-spelare, sista säsong 1988",Q5,
Elis-Eriksson_191,Elis Eriksson,IFK Göteborg-spelare enligt ifkdb.se,Q5,Q121157323
Felix-Eriksson_948,Felix Eriksson,IFK Göteborg-spelare enligt ifkdb.se,Q5,Q113815319
Gösta-Eriksson_192,Gösta Eriksson,IFK Göteborg-spelare enligt ifkdb.se,Q5,
Lars-Erik-Eriksson_194,Lars-Erik Eriksson,IFK Göteborg-spelare enligt ifkdb.se,Q5,
Nils-Eriksson_195,Nils Eriksson,IFK Göteborg-spelare enligt ifkdb.se,Q5,Q121080445
Per-Erik-Eriksson_197,Per-Erik Eriksson,"anfallare i IFK Göteborg, sista säsong 1975",Q5,Q121075707
Peter-Eriksson_198,Peter Eriksson,"anfallare i IFK Göteborg, sista säsong 2002",Q5,Q5717177
Rolf-Eriksson_199,Rolf Eriksson,IFK Göteborg-spelare enligt ifkdb.se,Q5,
Sebastian-Eriksson_777,Sebastian Eriksson,"mittfältare i IFK Göteborg, sista säsong 2023",Q5,Q969440
August-Erlingmark_871,August Erlingmark,IFK Göteborg-spelare enligt ifkdb.se,Q5,Q30064194
Magnus-Erlingmark_200,Magnus Erlingmark,"anfallare i IFK Göteborg, sista säsong 2004",Q5,Q722169
Gabriel-Ersoy_1008,Gabriel Ersoy,IFK Göteborg-spelare enligt ifkdb.se,Q5,
Kaj-Eskelinen_201,Kaj Eskelinen,"anfallare i IFK Göteborg, sista säsong 1992",Q5,Q264546
Mathias-Etéus_778,Mathias Etéus,"anfallare i IFK Göteborg, sista säsong 2009",Q5,Q5720170
Bert-Fagerman_202,Bert Fagerman,IFK Göteborg-spelare enligt ifkdb.se,Q5,Q131334505
Arvid-Fagrell_203,Arvid Fagrell,IFK Göteborg-spelare enligt ifkdb.se,Q5,Q4802409
Sven-Fagrell_204,Sven Fagrell,IFK Göteborg-spelare enligt ifkdb.se,Q5,
Stig-Falk_205,Stig Falk,"anfallare i IFK Göteborg, sista säsong 1971",Q5,
Lennart-Falkenström_206,Lennart Falkenström,IFK Göteborg-spelare enligt ifkdb.se,Q5,
Alexander-Faltsetas_779,Alexander Faltsetas,"mittfältare i IFK Göteborg, sista säsong 2011",Q5,Q4718827
Alexander-Farnerud_920,Alexander Farnerud,"anfallare i IFK Göteborg, sista säsong 2020",Q5,Q1341836
Pontus-Farnerud_780,Pontus Farnerud,"mittfältare i IFK Göteborg, sista säsong 2013",Q5,Q526682
Axel-Färnström_224,Axel Färnström,IFK Göteborg-spelare enligt ifkdb.se,Q5,Q116820864
Emil-Fasth_1000,Emil Fasth,IFK Göteborg-spelare enligt ifkdb.se,Q5,
Reine-Feldt_208,Reine Feldt,IFK Göteborg-spelare enligt ifkdb.se,Q5,Q15614572
Max-Fenger_717,Max Fenger,IFK Göteborg-spelare enligt ifkdb.se,Q5,Q96112552
Gunnar-Ferm_209,Gunnar Ferm,IFK Göteborg-spelare enligt ifkdb.se,Q5,
Lars-Fernell_210,Lars Fernell,"IFK Göteborg-spelare, sista säsong 1968",Q5,
Yaqub-Finey_947,Yaqub Finey,"anfallare i IFK Göteborg, sista säsong 2022",Q5,Q121158977
Lennart-Flink_26,Lennart Flink,IFK Göteborg-spelare enligt ifkdb.se,Q5,Q121143383
Douglas-Flobrant_211,Douglas Flobrant,"mittfältare i IFK Göteborg, sista säsong 1973",Q5,
Johan-Flykt-Rosén_212,Johan Flykt-Rosén,"försvarare i IFK Göteborg, sista säsong 1993",Q5,Q129675129
Fredrik-Folcker_213,Fredrik Folcker,"försvarare i IFK Göteborg, sista säsong 1983",Q5,
Bertil-Forsberg_214,Bertil Forsberg,"anfallare i IFK Göteborg, sista säsong 1973",Q5,
Gunnar-Forsberg_215,Gunnar Forsberg,IFK Göteborg-spelare enligt ifkdb.se,Q5,Q121160735
Leif-Forsberg_216,Leif Forsberg,"anfallare i IFK Göteborg, sista säsong 1989",Q5,Q5736757
José-Fortes_217,José Fortes,"IFK Göteborg-spelare, sista säsong 1988",Q5,
Folke-Franzén_218,Folke Franzén,IFK Göteborg-spelare enligt ifkdb.se,Q5,
Georg-Fredriksson_219,Georg Fredriksson,IFK Göteborg-spelare enligt ifkdb.se,Q5,
Stig-Fredriksson_220,Stig Fredriksson,"försvarare i IFK Göteborg, sista säsong 1988",Q5,Q1257403
Harry-Friberg_221,Harry Friberg,IFK Göteborg-spelare enligt ifkdb.se,Q5,
Sven-Friberg_589,Sven Friberg,IFK Göteborg-spelare enligt ifkdb.se,Q5,Q723475
Per-Frise_222,Per Frise,IFK Göteborg-spelare enligt ifkdb.se,Q5,Q121160737
Dan-Fröberg_223,Dan Fröberg,"anfallare i IFK Göteborg, sista säsong 1988",Q5,Q65929547
Niclas-Galle+(Johansson)_337,Niclas Galle,"mittfältare i IFK Göteborg, sista säsong 1993",Q5,Q116994478
Steve-Gardner_225,Steve Gardner,"anfallare i IFK Göteborg, sista säsong 1984",Q5,Q1340522
Henry-Gedda_226,Henry Gedda,IFK Göteborg-spelare enligt ifkdb.se,Q5,
Ali-Gerba_781,Ali Gerba,"anfallare i IFK Göteborg, sista säsong 2007",Q5,Q719532
Mats-Gerdtham+(Johansson)_336,Mats Gerdtham,"mittfältare i IFK Göteborg, sista säsong 1976",Q5,
Nordin-Gerzic_782,Nordin Gerzic,"anfallare i IFK Göteborg, sista säsong 2014",Q5,Q1452258
Alai-Ghasem_17,Alai Ghasem,"IFK Göteborg-spelare, sista säsong 2024",Q5,Q113710061
Gillis-Gillås+(Andersson)_36,Gillis Gillås,IFK Göteborg-spelare enligt ifkdb.se,Q5,Q121160712
Erik-Glader_227,Erik Glader,IFK Göteborg-spelare enligt ifkdb.se,Q5,
Arne-Göransson_243,Arne Göransson,IFK Göteborg-spelare enligt ifkdb.se,Q5,Q121160739
Kurt-Göransson_244,Kurt Göransson,IFK Göteborg-spelare enligt ifkdb.se,Q5,
Evert-Grahn_228,Evert Grahn,IFK Göteborg-spelare enligt ifkdb.se,Q5,Q129090201
Erik-Granath_229,Erik Granath,IFK Göteborg-spelare enligt ifkdb.se,Q5,Q15808399
Krister-Granbom_230,Krister Granbom,IFK Göteborg-spelare enligt ifkdb.se,Q5,Q1593163
Tryggve-Granqvist_231,Tryggve Granqvist,IFK Göteborg-spelare enligt ifkdb.se,Q5,Q132124557
Bertil-Gren_232,Bertil Gren,IFK Göteborg-spelare enligt ifkdb.se,Q5,Q121160738
Gunnar-Gren_233,Gunnar Gren,IFK Göteborg-spelare enligt ifkdb.se,Q5,Q314511
Mats-Gren_234,Mats Gren,"anfallare i IFK Göteborg, sista säsong 1985",Q5,Q1909063
Helge-Grönvall_235,Helge Grönvall,IFK Göteborg-spelare enligt ifkdb.se,Q5,
Sune-Grundén_711,Sune Grundén,IFK Göteborg-spelare enligt ifkdb.se,Q5,
Erik-Gunnarsson_890,Erik Gunnarsson,"IFK Göteborg-spelare, sista säsong 2019",Q5,Q63124014
Ingvar-Gunnesson_236,Ingvar Gunnesson,IFK Göteborg-spelare enligt ifkdb.se,Q5,
Gustaf-Gustafsson_237,Gustaf Gustafsson,IFK Göteborg-spelare enligt ifkdb.se,Q5,Q115976236
Joel-Gustafsson_784,Joel Gustafsson,"IFK Göteborg-spelare, sista säsong 2005",Q5,
Magnus-Gustafsson_238,Magnus Gustafsson,"anfallare i IFK Göteborg, sista säsong 1995",Q5,Q115787864
Oskar-Gustafsson_431,Oskar Gustafsson,"IFK Göteborg-spelare, sista säsong 2007",Q5,
Ove-Gustafsson_239,Ove Gustafsson,IFK Göteborg-spelare enligt ifkdb.se,Q5,
Stig-Gustafsson_241,Stig Gustafsson,IFK Göteborg-spelare enligt ifkdb.se,Q5,Q125914604
Åke-Gustavsson_242,Åke Gustavsson,"IFK Göteborg-spelare, sista säsong 1963",Q5,
David-Gutierrez+Arvidsson_783,Arvidsson David Gutierrez,"försvarare i IFK Göteborg, sista säsong 2014",Q5,
Einar-Haak_245,Einar Haak,IFK Göteborg-spelare enligt ifkdb.se,Q5,Q121160740
Jan-Hafstrand_246,Jan Hafstrand,IFK Göteborg-spelare enligt ifkdb.se,Q5,
Harry-Hagberg_247,Harry Hagberg,IFK Göteborg-spelare enligt ifkdb.se,Q5,
Elias-Hagen_240,Elias Hagen,"mittfältare i IFK Göteborg, sista säsong 2023",Q5,Q100560310
Per-Hägglund_292,Per Hägglund,"mittfältare i IFK Göteborg, sista säsong 1971",Q5,
Philip-Haglund_785,Philip Haglund,"mittfältare i IFK Göteborg, sista säsong 2014",Q5,Q2543707
Warner-Hahn_942,Warner Hahn,"målvakt i IFK Göteborg, sista säsong 2022",Q5,Q13033770
Hans-Håkansson_290,Hans Håkansson,"målvakt i IFK Göteborg, sista säsong 1995",Q5,
Nils-Håkansson_291,Nils Håkansson,IFK Göteborg-spelare enligt ifkdb.se,Q5,
Åke-Hallman_248,Åke Hallman,IFK Göteborg-spelare enligt ifkdb.se,Q5,Q10726271
Marek-Hamšík_934,Marek Hamšík,"mittfältare i IFK Göteborg, sista säsong 2021",Q5,Q201825
Nils-Hansén_249,Nils Hansén,IFK Göteborg-spelare enligt ifkdb.se,Q5,Q5788554
Åke-Hansson_256,Åke Hansson,IFK Göteborg-spelare enligt ifkdb.se,Q5,Q109583152
Gustaf-Hansson_250,Gustaf Hansson,IFK Göteborg-spelare enligt ifkdb.se,Q5,
Holger-Hansson_251,Holger Hansson,IFK Göteborg-spelare enligt ifkdb.se,Q5,Q1624523
Kjell-Hansson_252,Kjell Hansson,IFK Göteborg-spelare enligt ifkdb.se,Q5,
Per-Olof-Hansson_253,Per-Olof Hansson,IFK Göteborg-spelare enligt ifkdb.se,Q5,Q120961201
Thomas-Hansson_254,Thomas Hansson,IFK Göteborg-spelare enligt ifkdb.se,Q5,
Viktor-Hansson_255,Viktor Hansson,IFK Göteborg-spelare enligt ifkdb.se,Q5,Q121160742
Jasin-Hasani_978,Jasin Hasani,"mittfältare i IFK Göteborg, sista säsong 2024",Q5,
Sebastian-Hausner_957,Sebastian Hausner,"IFK Göteborg-spelare, sista säsong 2024",Q5,Q47001239
Yngve-Hedelin_257,Yngve Hedelin,IFK Göteborg-spelare enligt ifkdb.se,Q5,Q121160743
Mats-Hedén_258,Mats Hedén,"försvarare i IFK Göteborg, sista säsong 1995",Q5,
Melwin-Hedman_998,Melwin Hedman,IFK Göteborg-spelare enligt ifkdb.se,Q5,
Peter-Hedman_259,Peter Hedman,"IFK Göteborg-spelare, sista säsong 1987",Q5,Q3900859
Hampus-Heed_956,Hampus Heed,"försvarare i IFK Göteborg, sista säsong 2023",Q5,
Thomas-Heed_260,Thomas Heed,"mittfältare i IFK Göteborg, sista säsong 2001",Q5,Q123354195
Gösta-Heinefeldt+(Svensson)_659,Gösta Heinefeldt,IFK Göteborg-spelare enligt ifkdb.se,Q5,
Tobias-Heintz_997,Tobias Heintz,IFK Göteborg-spelare enligt ifkdb.se,Q5,Q29415639
Elfar+Freyr-Helgason_786,Elfar Freyr Helgason,"IFK Göteborg-spelare, sista säsong 2010",Q5,Q2362499
Anders-Helgesson_261,Anders Helgesson,IFK Göteborg-spelare enligt ifkdb.se,Q5,
Harry-Hellberg_262,Harry Hellberg,IFK Göteborg-spelare enligt ifkdb.se,Q5,
John-Hellström_264,John Hellström,IFK Göteborg-spelare enligt ifkdb.se,Q5,Q121160745
Torbjörn-Hellström_263,Torbjörn Hellström,"IFK Göteborg-spelare, sista säsong 1971",Q5,
Ove-Helmér_265,Ove Helmér,"IFK Göteborg-spelare, sista säsong 1960",Q5,
Jonas-Henriksson_266,Jonas Henriksson,"anfallare i IFK Göteborg, sista säsong 2005",Q5,Q1566038
Lars-Henriksson_267,Lars Henriksson,IFK Göteborg-spelare enligt ifkdb.se,Q5,Q116830160
Sebastian-Henriksson_268,Sebastian Henriksson,"mittfältare i IFK Göteborg, sista säsong 2002",Q5,Q3953710
Wilmer-Henriksson_1007,Wilmer Henriksson,IFK Göteborg-spelare enligt ifkdb.se,Q5,
Hjörtur-Hermannsson_863,Hjörtur Hermannsson,"IFK Göteborg-spelare, sista säsong 2016",Q5,Q3785984
Andreas-Hermansson_269,Andreas Hermansson,"anfallare i IFK Göteborg, sista säsong 2000",Q5,Q497985
Gustaf-Hermansson_270,Gustaf Hermansson,IFK Göteborg-spelare enligt ifkdb.se,Q5,Q121160746
Olof-Hjärn_274,Olof Hjärn,IFK Göteborg-spelare enligt ifkdb.se,Q5,Q121160747
Alf-Hjelm_271,Alf Hjelm,IFK Göteborg-spelare enligt ifkdb.se,Q5,Q116600700
Erik-Hjelm_272,Erik Hjelm,IFK Göteborg-spelare enligt ifkdb.se,Q5,Q1353959
Harry-Hjelm_273,Harry Hjelm,IFK Göteborg-spelare enligt ifkdb.se,Q5,Q121008355
Daniel-Hoffmann_275,Daniel Hoffmann,"målvakt i IFK Göteborg, sista säsong 1997",Q5,
Ingemar-Högberg_293,Ingemar Högberg,IFK Göteborg-spelare enligt ifkdb.se,Q5,Q131357048
Oskar-Högberg_718,Oskar Högberg,IFK Göteborg-spelare enligt ifkdb.se,Q5,
Patrik-Höglund_294,Patrik Höglund,"försvarare i IFK Göteborg, sista säsong 1998",Q5,
Gotthard-Höijer_295,Gotthard Höijer,IFK Göteborg-spelare enligt ifkdb.se,Q5,Q121160751
Emil-Holm_900,Emil Holm,"anfallare i IFK Göteborg, sista säsong 2020",Q5,Q66843837
Glenn-Holm_276,Glenn Holm,"mittfältare i IFK Göteborg, sista säsong 1983",Q5,Q5810326
Gunnar-Holmberg_278,Gunnar Holmberg,IFK Göteborg-spelare enligt ifkdb.se,Q5,Q353795
Karl-Erik-Holmberg_277,Karl-Erik Holmberg,IFK Göteborg-spelare enligt ifkdb.se,Q5,Q1036480
Martin-Holmberg_279,Martin Holmberg,"mittfältare i IFK Göteborg, sista säsong 1987",Q5,Q96054610
Ivan-Holmdahl_280,Ivan Holmdahl,IFK Göteborg-spelare enligt ifkdb.se,Q5,Q115902608
Nils-Holmén_913,Nils Holmén,IFK Göteborg-spelare enligt ifkdb.se,Q5,
Knut-Holmgren_281,Knut Holmgren,IFK Göteborg-spelare enligt ifkdb.se,Q5,Q121092325
Tommy-Holmgren_282,Tommy Holmgren,"anfallare i IFK Göteborg, sista säsong 1989",Q5,Q2441009
Tord-Holmgren_283,Tord Holmgren,"mittfältare i IFK Göteborg, sista säsong 1987",Q5,Q2443803
Marcus-Holmqvist_905,Marcus Holmqvist,"mittfältare i IFK Göteborg, sista säsong 2003",Q5,
Allan-Holmstedt+(Bengtsson)_96,Allan Holmstedt,IFK Göteborg-spelare enligt ifkdb.se,Q5,
Gösta-Holmström_284,Gösta Holmström,IFK Göteborg-spelare enligt ifkdb.se,Q5,Q121160748
Vallentin-Hultén_286,Vallentin Hultén,IFK Göteborg-spelare enligt ifkdb.se,Q5,Q121160750
Olof-Hultfeldt_285,Olof Hultfeldt,IFK Göteborg-spelare enligt ifkdb.se,Q5,Q121160749
Bertil-Hultin_287,Bertil Hultin,"IFK Göteborg-spelare, sista säsong 1961",Q5,
Thomas-Hvenfelt+(Andersson)_72,Thomas Hvenfelt,"mittfältare i IFK Göteborg, sista säsong 1995",Q5,Q99975213
Carl-Hysén_288,Carl Hysén,IFK Göteborg-spelare enligt ifkdb.se,Q5,Q5818922
Erik-Hysén_799,Erik Hysén,IFK Göteborg-spelare enligt ifkdb.se,Q5,Q1353972
Glenn-Hysén_289,Glenn Hysén,"försvarare i IFK Göteborg, sista säsong 1987",Q5,Q444033
Tobias-Hysén_787,Tobias Hysén,"anfallare i IFK Göteborg, sista säsong 2018",Q5,Q313036
Jon+Inge-Høiland_296,Jon Inge Høiland,"mittfältare i IFK Göteborg, sista säsong 2002",Q5,Q620549
Peter-Ijeh_788,Peter Ijeh,"anfallare i IFK Göteborg, sista säsong 2005",Q5,Q253750
Mikael-Ingebrigtsen_879,Mikael Ingebrigtsen,"anfallare i IFK Göteborg, sista säsong 2018",Q5,Q19958174
Klas-Ingesson_297,Klas Ingesson,IFK Göteborg-spelare enligt ifkdb.se,Q5,Q442182
Lawal-Ismail_789,Lawal Ismail,"anfallare i IFK Göteborg, sista säsong 2011",Q5,Q5824749
Sven-Jacobsson_298,Sven Jacobsson,IFK Göteborg-spelare enligt ifkdb.se,Q5,
Bo-Jagler+(Johansson)_299,Bo Jagler,"anfallare i IFK Göteborg, sista säsong 1969",Q5,Q116842257
Imam-Jagne_996,Imam Jagne,IFK Göteborg-spelare enligt ifkdb.se,Q5,Q95882419
Alexander-Jallow_911,Alexander Jallow,IFK Göteborg-spelare enligt ifkdb.se,Q5,Q56072735
Scott-Jamieson_864,Scott Jamieson,"IFK Göteborg-spelare, sista säsong 2017",Q5,Q516535
Lars-Jangblad+(Johansson)_300,Lars Jangblad,IFK Göteborg-spelare enligt ifkdb.se,Q5,Q120962455
Arne-Jansson_301,Arne Jansson,IFK Göteborg-spelare enligt ifkdb.se,Q5,
Henry-Jansson_302,Henry Jansson,IFK Göteborg-spelare enligt ifkdb.se,Q5,Q121160752
Hilding-Jansson_917,Hilding Jansson,IFK Göteborg-spelare enligt ifkdb.se,Q5,
Karl-Gunnar-Jansson_303,Karl-Gunnar Jansson,IFK Göteborg-spelare enligt ifkdb.se,Q5,
Kent-Jansson_304,Kent Jansson,"försvarare i IFK Göteborg, sista säsong 1976",Q5,
Per-Åke-Jansson_305,Per-Åke Jansson,IFK Göteborg-spelare enligt ifkdb.se,Q5,
Ragnar-Jansson_953,Ragnar Jansson,IFK Göteborg-spelare enligt ifkdb.se,Q5,
Verner-Jansson_306,Verner Jansson,IFK Göteborg-spelare enligt ifkdb.se,Q5,Q121056331
Magnus-Jareflo_307,Magnus Jareflo,"IFK Göteborg-spelare, sista säsong 1994",Q5,
Sören-Järelöv_365,Sören Järelöv,"målvakt i IFK Göteborg, sista säsong 1998",Q5,Q5895305
Björn-Jarkvist_308,Björn Jarkvist,"anfallare i IFK Göteborg, sista säsong 1974",Q5,
Holger-Jernsten+(Johansson)_1002,Holger Jernsten,IFK Göteborg-spelare enligt ifkdb.se,Q5,
Bengt-Johannesson_309,Bengt Johannesson,"försvarare i IFK Göteborg, sista säsong 1972",Q5,
Lars-Johannesson_310,Lars Johannesson,"anfallare i IFK Göteborg, sista säsong 1972",Q5,
Leif-Johannisson_311,Leif Johannisson,IFK Göteborg-spelare enligt ifkdb.se,Q5,
Adam-Johansson_790,Adam Johansson,"försvarare i IFK Göteborg, sista säsong 2016",Q5,Q349871
Allan-Johansson_312,Allan Johansson,IFK Göteborg-spelare enligt ifkdb.se,Q5,Q121007652
Baldwin-Johansson_314,Baldwin Johansson,IFK Göteborg-spelare enligt ifkdb.se,Q5,Q121160753
Bengt-Johansson_315,Bengt Johansson,IFK Göteborg-spelare enligt ifkdb.se,Q5,
Bertil-Johansson_316,Bertil Johansson,IFK Göteborg-spelare enligt ifkdb.se,Q5,Q109558115
Bertil-Johansson_317,Bertil Johansson,IFK Göteborg-spelare enligt ifkdb.se,Q5,Q828235
Carl-Johansson_925,Carl Johansson,"IFK Göteborg-spelare, sista säsong 2023",Q5,Q17611142
Charles-Johansson_318,Charles Johansson,IFK Göteborg-spelare enligt ifkdb.se,Q5,Q121160754
David-Johansson_791,David Johansson,"försvarare i IFK Göteborg, sista säsong 2010",Q5,Q47506027
Eje-Johansson_319,Eje Johansson,IFK Göteborg-spelare enligt ifkdb.se,Q5,
Elam-Johansson_320,Elam Johansson,IFK Göteborg-spelare enligt ifkdb.se,Q5,
Filip-Johansson_321,Filip Johansson,IFK Göteborg-spelare enligt ifkdb.se,Q5,Q1377945
Folke-Johansson_322,Folke Johansson,IFK Göteborg-spelare enligt ifkdb.se,Q5,
Gabriel-Johansson_323,Gabriel Johansson,"mittfältare i IFK Göteborg, sista säsong 1991",Q5,Q6139557
Göran-Johansson_326,Göran Johansson,IFK Göteborg-spelare enligt ifkdb.se,Q5,
Gunnar-Johansson_324,Gunnar Johansson,IFK Göteborg-spelare enligt ifkdb.se,Q5,
Gustav-Johansson_325,Gustav Johansson,IFK Göteborg-spelare enligt ifkdb.se,Q5,Q120961907
Henry-Johansson_327,Henry Johansson,IFK Göteborg-spelare enligt ifkdb.se,Q5,
Herbert-Johansson_328,Herbert Johansson,IFK Göteborg-spelare enligt ifkdb.se,Q5,Q121160755
Jakob-Johansson_792,Jakob Johansson,"mittfältare i IFK Göteborg, sista säsong 2020",Q5,Q1777142
Jan-Olof-Johansson_330,Jan-Olof Johansson,"IFK Göteborg-spelare, sista säsong 1965",Q5,Q121188505
Karl-Johansson_331,Karl Johansson,IFK Göteborg-spelare enligt ifkdb.se,Q5,
Lars-Inge-Johansson_332,Lars-Inge Johansson,IFK Göteborg-spelare enligt ifkdb.se,Q5,
Lennart-Johansson_333,Lennart Johansson,IFK Göteborg-spelare enligt ifkdb.se,Q5,Q126364620
Magnus-Johansson_334,Magnus Johansson,"mittfältare i IFK Göteborg, sista säsong 1990",Q5,Q1772786
Magnus-Johansson_335,Magnus Johansson,"mittfältare i IFK Göteborg, sista säsong 2007",Q5,Q352735
Mattias-Johansson_987,Mattias Johansson,"IFK Göteborg-spelare, sista säsong 2024",Q5,Q152804
Nils-Johansson_338,Nils Johansson,IFK Göteborg-spelare enligt ifkdb.se,Q5,Q106457033
Olof-Johansson_339,Olof Johansson,IFK Göteborg-spelare enligt ifkdb.se,Q5,Q121160757
Ove-Johansson_340,Ove Johansson,IFK Göteborg-spelare enligt ifkdb.se,Q5,
Paul-Johansson_548,Paul Johansson,"IFK Göteborg-spelare, sista säsong 1967",Q5,
Per-Johansson_341,Per Johansson,"mittfältare i IFK Göteborg, sista säsong 1996",Q5,Q11995298
Ragnar-Johansson_342,Ragnar Johansson,IFK Göteborg-spelare enligt ifkdb.se,Q5,
Ragnar-Johansson_732,Ragnar Johansson,IFK Göteborg-spelare enligt ifkdb.se,Q5,
Robert-Johansson_343,Robert Johansson,"försvarare i IFK Göteborg, sista säsong 1999",Q5,Q5887552
Roger-Johansson_344,Roger Johansson,IFK Göteborg-spelare enligt ifkdb.se,Q5,Q131331859
Rolf-Johansson_345,Rolf Johansson,IFK Göteborg-spelare enligt ifkdb.se,Q5,
Rolf-Johansson_346,Rolf Johansson,"IFK Göteborg-spelare, sista säsong 1956",Q5,Q116848929
Ronald-Johansson_347,Ronald Johansson,IFK Göteborg-spelare enligt ifkdb.se,Q5,Q120961691
Roy-Johansson_348,Roy Johansson,IFK Göteborg-spelare enligt ifkdb.se,Q5,
Rune-Johansson_349,Rune Johansson,IFK Göteborg-spelare enligt ifkdb.se,Q5,
Sebastian-Johansson_350,Sebastian Johansson,"mittfältare i IFK Göteborg, sista säsong 2005",Q5,Q3476877
Sven-Johansson_351,Sven Johansson,IFK Göteborg-spelare enligt ifkdb.se,Q5,Q121160758
Sven-Johansson_352,Sven Johansson,IFK Göteborg-spelare enligt ifkdb.se,Q5,
Tore-Johansson_353,Tore Johansson,IFK Göteborg-spelare enligt ifkdb.se,Q5,
Torgny-Johansson_354,Torgny Johansson,"mittfältare i IFK Göteborg, sista säsong 1976",Q5,
Torsten-Johansson_355,Torsten Johansson,IFK Göteborg-spelare enligt ifkdb.se,Q5,
Verner-Johansson_357,Verner Johansson,IFK Göteborg-spelare enligt ifkdb.se,Q5,Q121075959
Martin-Johansson+Zanjanchi_846,Zanjanchi Martin Johansson,"IFK Göteborg-spelare, sista säsong 2015",Q5,
Gisle-Johnsen_363,Gisle Johnsen,"anfallare i IFK Göteborg, sista säsong 1980",Q5,
Benny-Jonsson_360,Benny Jonsson,"mittfältare i IFK Göteborg, sista säsong 1994",Q5,
Dennis-Jonsson_361,Dennis Jonsson,"IFK Göteborg-spelare, sista säsong 2006",Q5,Q3705494
Ernst-Jonsson_362,Ernst Jonsson,IFK Göteborg-spelare enligt ifkdb.se,Q5,Q121141157
Helge-Jonsson_358,Helge Jonsson,IFK Göteborg-spelare enligt ifkdb.se,Q5,Q121160760
Hjálmar-Jónsson_364,Hjálmar Jónsson,"mittfältare i IFK Göteborg, sista säsong 2016",Q5,Q1621377
Nils-Jonsson_359,Nils Jonsson,IFK Göteborg-spelare enligt ifkdb.se,Q5,Q117007979
Ulf-Jörnvik_366,Ulf Jörnvik,"försvarare i IFK Göteborg, sista säsong 1980",Q5,
Lucas-Kåhed_914,Lucas Kåhed,IFK Göteborg-spelare enligt ifkdb.se,Q5,Q119411734
Håkan-Kahnberg_367,Håkan Kahnberg,"anfallare i IFK Göteborg, sista säsong 1973",Q5,
Sven-Källberg_405,Sven Källberg,IFK Göteborg-spelare enligt ifkdb.se,Q5,
Yahya-Kalley_922,Yahya Kalley,"mittfältare i IFK Göteborg, sista säsong 2021",Q5,Q99955319
Rolf-Källström_406,Rolf Källström,IFK Göteborg-spelare enligt ifkdb.se,Q5,Q131330036
Pontus-Kåmark_404,Pontus Kåmark,"mittfältare i IFK Göteborg, sista säsong 2002",Q5,Q712844
Meyer-Kanterowitz_369,Meyer Kanterowitz,IFK Göteborg-spelare enligt ifkdb.se,Q5,Q121160762
Eldin-Karišik_797,Eldin Karišik,"mittfältare i IFK Göteborg, sista säsong 2008",Q5,Q174881
Fredrik-Karlfeldt_370,Fredrik Karlfeldt,IFK Göteborg-spelare enligt ifkdb.se,Q5,
Arne-Karlsson_371,Arne Karlsson,IFK Göteborg-spelare enligt ifkdb.se,Q5,
Bengt-Åke-Karlsson_372,Bengt-Åke Karlsson,"målvakt i IFK Göteborg, sista säsong 1980",Q5,
Christian-Karlsson_373,Christian Karlsson,"IFK Göteborg-spelare, sista säsong 2000",Q5,Q3675661
Conny-Karlsson_374,Conny Karlsson,"försvarare i IFK Göteborg, sista säsong 1982",Q5,Q631232
Georg-Karlsson_375,Georg Karlsson,IFK Göteborg-spelare enligt ifkdb.se,Q5,Q121160763
Gerhard-Karlsson_368,Gerhard Karlsson,IFK Göteborg-spelare enligt ifkdb.se,Q5,
Herbert-Karlsson_376,Herbert Karlsson,IFK Göteborg-spelare enligt ifkdb.se,Q5,Q722639
Joacim-Karlsson_377,Joacim Karlsson,"IFK Göteborg-spelare, sista säsong 1991",Q5,Q101680156
Kenny-Karlsson_379,Kenny Karlsson,"IFK Göteborg-spelare, sista säsong 1965",Q5,
Lars-Karlsson_149,Lars Karlsson,"mittfältare i IFK Göteborg, sista säsong 1977",Q5,
Leif-Karlsson_380,Leif Karlsson,"försvarare i IFK Göteborg, sista säsong 1972",Q5,
Pär-Karlsson_383,Pär Karlsson,"mittfältare i IFK Göteborg, sista säsong 2000",Q5,Q79381546
Sten-Karlsson_151,Sten Karlsson,"IFK Göteborg-spelare, sista säsong 1974",Q5,
Thomas-Karlsson_385,Thomas Karlsson,"mittfältare i IFK Göteborg, sista säsong 1983",Q5,
Patrik-Karlsson+Lagemyr_859,Lagemyr Patrik Karlsson,"anfallare i IFK Göteborg, sista säsong 2022",Q5,Q23888187
John-Karlsson-Nottorp_387,John Karlsson-Nottorp,IFK Göteborg-spelare enligt ifkdb.se,Q5,Q123172519
Jacob-Karlstrøm_990,Jacob Karlstrøm,"målvakt i IFK Göteborg, sista säsong 2024",Q5,Q55584547
Gunnar-Kärrby_407,Gunnar Kärrby,IFK Göteborg-spelare enligt ifkdb.se,Q5,Q121053430
Prosper-Kasim_854,Prosper Kasim,"anfallare i IFK Göteborg, sista säsong 2017",Q5,Q19664719
J.-Kennedy_388,J. Kennedy,IFK Göteborg-spelare enligt ifkdb.se,Q5,
Keit-Kessander+(Pettersson)_583,Keit Kessander,"IFK Göteborg-spelare, sista säsong 1965",Q5,
Mohib-Khalaf_963,Mohib Khalaf,"mittfältare i IFK Göteborg, sista säsong 2023",Q5,
Giorgi-Kharaishvili_882,Giorgi Kharaishvili,"anfallare i IFK Göteborg, sista säsong 2021",Q5,Q20582751
Magnus-Kihlberg_798,Magnus Kihlberg,"mittfältare i IFK Göteborg, sista säsong 2006",Q5,Q724838
Oscar-Kindlund_860,Oscar Kindlund,"mittfältare i IFK Göteborg, sista säsong 2016",Q5,Q26211826
Ove-Kindvall_390,Ove Kindvall,IFK Göteborg-spelare enligt ifkdb.se,Q5,Q367816
Kurt-Kjellberg_391,Kurt Kjellberg,IFK Göteborg-spelare enligt ifkdb.se,Q5,
Rune-Kjellman_392,Rune Kjellman,IFK Göteborg-spelare enligt ifkdb.se,Q5,
Ivar-Klingström_393,Ivar Klingström,IFK Göteborg-spelare enligt ifkdb.se,Q5,Q1675682
Arne-Knutsson_394,Arne Knutsson,IFK Göteborg-spelare enligt ifkdb.se,Q5,
Rudolf-Kock_395,Rudolf Kock,IFK Göteborg-spelare enligt ifkdb.se,Q5,Q197772
Melvin-Koliqi_974,Melvin Koliqi,IFK Göteborg-spelare enligt ifkdb.se,Q5,Q126179144
Gunnar-Kollberg_396,Gunnar Kollberg,IFK Göteborg-spelare enligt ifkdb.se,Q5,Q121160765
Sampo-Koskinen_397,Sampo Koskinen,"IFK Göteborg-spelare, sista säsong 2004",Q5,Q2471845
Christian-Kouakou_919,Christian Kouakou,"anfallare i IFK Göteborg, sista säsong 2020",Q5,Q4243428
Bengt-Kristensen_154,Bengt Kristensen,"mittfältare i IFK Göteborg, sista säsong 1976",Q5,
Anders-Kristiansen_986,Anders Kristiansen,"målvakt i IFK Göteborg, sista säsong 2024",Q5,Q11957879
Åke-Kristiansson_400,Åke Kristiansson,IFK Göteborg-spelare enligt ifkdb.se,Q5,
Albert-Kristiansson_399,Albert Kristiansson,IFK Göteborg-spelare enligt ifkdb.se,Q5,
Douglas-Krook_401,Douglas Krook,IFK Göteborg-spelare enligt ifkdb.se,Q5,Q1252363
Svejde-Krook_402,Svejde Krook,IFK Göteborg-spelare enligt ifkdb.se,Q5,Q121160767
David-Kruse_989,David Kruse,IFK Göteborg-spelare enligt ifkdb.se,Q5,Q110241637
Stephan-Kullberg_403,Stephan Kullberg,"försvarare i IFK Göteborg, sista säsong 1986",Q5,Q2343495
Anton-Kurochkin_945,Anton Kurochkin,"anfallare i IFK Göteborg, sista säsong 2023",Q5,Q121159140
Patrice-Kwedi_800,Patrice Kwedi,"försvarare i IFK Göteborg, sista säsong 2004",Q5,Q3512713
Kjell-Lager_408,Kjell Lager,"IFK Göteborg-spelare, sista säsong 1970",Q5,
Alejandro-Lago_793,Alejandro Lago,"IFK Göteborg-spelare, sista säsong 2006",Q5,Q786134
Stefan-Landberg_409,Stefan Landberg,"mittfältare i IFK Göteborg, sista säsong 2000",Q5,Q980086
Anders-Landgren_410,Anders Landgren,"anfallare i IFK Göteborg, sista säsong 1976",Q5,
Stig-Landgren_411,Stig Landgren,IFK Göteborg-spelare enligt ifkdb.se,Q5,
Thomas-Lansing_413,Thomas Lansing,"målvakt i IFK Göteborg, sista säsong 1986",Q5,
Freddie-Lantz_1005,Freddie Lantz,IFK Göteborg-spelare enligt ifkdb.se,Q5,
Bengt-Larsson_415,Bengt Larsson,"mittfältare i IFK Göteborg, sista säsong 1966",Q5,
Daniel-Larsson_416,Daniel Larsson,"anfallare i IFK Göteborg, sista säsong 2000",Q5,
Erik-Larsson_417,Erik Larsson,IFK Göteborg-spelare enligt ifkdb.se,Q5,
Erik-Larsson_207,Erik Larsson,IFK Göteborg-spelare enligt ifkdb.se,Q5,
Folke-Larsson_418,Folke Larsson,IFK Göteborg-spelare enligt ifkdb.se,Q5,Q121160768
Gustaf-Larsson_414,Gustaf Larsson,IFK Göteborg-spelare enligt ifkdb.se,Q5,
Henry-Larsson_419,Henry Larsson,IFK Göteborg-spelare enligt ifkdb.se,Q5,Q120962679
Karl-Henrik-Larsson_420,Karl-Henrik Larsson,IFK Göteborg-spelare enligt ifkdb.se,Q5,
Lars-Larsson_421,Lars Larsson,"IFK Göteborg-spelare, sista säsong 1974",Q5,
Leif-Larsson_422,Leif Larsson,IFK Göteborg-spelare enligt ifkdb.se,Q5,Q1814954
Otto-Larsson_423,Otto Larsson,IFK Göteborg-spelare enligt ifkdb.se,Q5,
Peter-Larsson_424,Peter Larsson,"försvarare i IFK Göteborg, sista säsong 1987",Q5,Q941611
Rolf-Larsson_426,Rolf Larsson,IFK Göteborg-spelare enligt ifkdb.se,Q5,
Rudolf-Larsson_425,Rudolf Larsson,IFK Göteborg-spelare enligt ifkdb.se,Q5,
Sam-Larsson_794,Sam Larsson,"anfallare i IFK Göteborg, sista säsong 2014",Q5,Q5938668
Stefan-Larsson_427,Stefan Larsson,"mittfältare i IFK Göteborg, sista säsong 1982",Q5,Q116856345
Sven-Larsson_428,Sven Larsson,"anfallare i IFK Göteborg, sista säsong 1974",Q5,
Torild-Larsson_429,Torild Larsson,IFK Göteborg-spelare enligt ifkdb.se,Q5,Q121160769
Torvald-Larsson_430,Torvald Larsson,IFK Göteborg-spelare enligt ifkdb.se,Q5,
Dick-Last_432,Dick Last,"målvakt i IFK Göteborg, sista säsong 2000",Q5,Q354117
Kjell-Åke-Leisgård+(Carlsson)_152,Kjell-Åke Leisgård,"mittfältare i IFK Göteborg, sista säsong 1972",Q5,
Kent-Lejon_433,Kent Lejon,"anfallare i IFK Göteborg, sista säsong 1961",Q5,
Alexander-Leksell_889,Alexander Leksell,"IFK Göteborg-spelare, sista säsong 2016",Q5,Q27804570
Fredrik-Leksell_434,Fredrik Leksell,"anfallare i IFK Göteborg, sista säsong 1994",Q5,Q101664287
Conny-Leksjö+(Lindström)_459,Conny Leksjö,"mittfältare i IFK Göteborg, sista säsong 1976",Q5,
Hannes-Lennartsson_930,Hannes Lennartsson,"försvarare i IFK Göteborg, sista säsong 2022",Q5,
Erik-Levin_436,Erik Levin,IFK Göteborg-spelare enligt ifkdb.se,Q5,Q5386960
Valter-Lidén_437,Valter Lidén,IFK Göteborg-spelare enligt ifkdb.se,Q5,Q5950548
Mats-Lilienberg_439,Mats Lilienberg,"anfallare i IFK Göteborg, sista säsong 1996",Q5,Q381926
Helge-Liljebjörn_440,Helge Liljebjörn,IFK Göteborg-spelare enligt ifkdb.se,Q5,Q475095
Jan-Liljekrantz_441,Jan Liljekrantz,"mittfältare i IFK Göteborg, sista säsong 1981",Q5,
Erik-Liljenberg_438,Erik Liljenberg,IFK Göteborg-spelare enligt ifkdb.se,Q5,Q121160770
Gustav-Lillienberg_938,Gustav Lillienberg,"målvakt i IFK Göteborg, sista säsong 2022",Q5,
Eive-Lind_442,Eive Lind,"anfallare i IFK Göteborg, sista säsong 1969",Q5,
Gunnar-Lind_443,Gunnar Lind,IFK Göteborg-spelare enligt ifkdb.se,Q5,
Johann-Lind_444,Johann Lind,IFK Göteborg-spelare enligt ifkdb.se,Q5,
Rune-Lind_454,Rune Lind,IFK Göteborg-spelare enligt ifkdb.se,Q5,
Gunnar-Lindahl_445,Gunnar Lindahl,IFK Göteborg-spelare enligt ifkdb.se,Q5,Q128790302
Erik-Lindberg_446,Erik Lindberg,IFK Göteborg-spelare enligt ifkdb.se,Q5,
Gunro-Lindberg_447,Gunro Lindberg,IFK Göteborg-spelare enligt ifkdb.se,Q5,
Knut-Lindberg_448,Knut Lindberg,IFK Göteborg-spelare enligt ifkdb.se,Q5,
Odd+Ivar-Lindberg_449,Odd Ivar Lindberg,"målvakt i IFK Göteborg, sista säsong 1979",Q5,Q16583556
Donald-Lindblom_450,Donald Lindblom,"IFK Göteborg-spelare, sista säsong 1957",Q5,Q28025561
Carl-Linde_451,Carl Linde,IFK Göteborg-spelare enligt ifkdb.se,Q5,Q97610101
Åke-Lindén_452,Åke Lindén,IFK Göteborg-spelare enligt ifkdb.se,Q5,
Einar-Lindman_455,Einar Lindman,IFK Göteborg-spelare enligt ifkdb.se,Q5,
Robert-Lindqvist_456,Robert Lindqvist,"mittfältare i IFK Göteborg, sista säsong 1992",Q5,Q133661795
Stefan-Lindqvist_457,Stefan Lindqvist,IFK Göteborg-spelare enligt ifkdb.se,Q5,Q118437
Gustaf-Lindstedt_458,Gustaf Lindstedt,IFK Göteborg-spelare enligt ifkdb.se,Q5,Q121160774
Eje-Lindström_460,Eje Lindström,"anfallare i IFK Göteborg, sista säsong 1975",Q5,
Erik-Lindström_461,Erik Lindström,IFK Göteborg-spelare enligt ifkdb.se,Q5,
Nils-Ljunggren_462,Nils Ljunggren,IFK Göteborg-spelare enligt ifkdb.se,Q5,
Daniel-Ljungholm_463,Daniel Ljungholm,"IFK Göteborg-spelare, sista säsong 2001",Q5,
Oswald-Ljungquist_464,Oswald Ljungquist,IFK Göteborg-spelare enligt ifkdb.se,Q5,Q121160775
Gunnar-Löfgren_482,Gunnar Löfgren,IFK Göteborg-spelare enligt ifkdb.se,Q5,Q5969446
Stig-Löfgren_483,Stig Löfgren,IFK Göteborg-spelare enligt ifkdb.se,Q5,Q121095817
Bert-Löfvendahl_484,Bert Löfvendahl,IFK Göteborg-spelare enligt ifkdb.se,Q5,
G.-Lovén_435,G. Lovén,IFK Göteborg-spelare enligt ifkdb.se,Q5,
Teddy-Lucic_465,Teddy Lucic,"IFK Göteborg-spelare, sista säsong 1998",Q5,Q314756
Åke-Ludvigsson_466,Åke Ludvigsson,IFK Göteborg-spelare enligt ifkdb.se,Q5,Q131334965
Erik-Lund_467,Erik Lund,IFK Göteborg-spelare enligt ifkdb.se,Q5,
Harald-Lund_468,Harald Lund,IFK Göteborg-spelare enligt ifkdb.se,Q5,Q121160776
Valdus-Lund_469,Valdus Lund,IFK Göteborg-spelare enligt ifkdb.se,Q5,Q1570437
Erik-Lund+Fahlén_795,Fahlén Erik Lund,"mittfältare i IFK Göteborg, sista säsong 2013",Q5,Q2437808
Claes-Enar-Lundberg_470,Claes-Enar Lundberg,IFK Göteborg-spelare enligt ifkdb.se,Q5,
Torbjörn-Lundblad_471,Torbjörn Lundblad,"mittfältare i IFK Göteborg, sista säsong 1985",Q5,
Jonas-Lundén_472,Jonas Lundén,"anfallare i IFK Göteborg, sista säsong 2001",Q5,Q728963
Herbert-Lundgren_473,Herbert Lundgren,IFK Göteborg-spelare enligt ifkdb.se,Q5,Q5966615
Sten-Lundgren_474,Sten Lundgren,IFK Göteborg-spelare enligt ifkdb.se,Q5,Q117008177
Artur-Lundin_475,Artur Lundin,IFK Göteborg-spelare enligt ifkdb.se,Q5,Q85419708
Arne-Lundqvist_476,Arne Lundqvist,IFK Göteborg-spelare enligt ifkdb.se,Q5,Q5967474
Evert-Lundqvist_477,Evert Lundqvist,IFK Göteborg-spelare enligt ifkdb.se,Q5,
Ingvar-Lundqvist_478,Ingvar Lundqvist,IFK Göteborg-spelare enligt ifkdb.se,Q5,
Ramon+Pascal-Lundqvist_991,Ramon Pascal Lundqvist,IFK Göteborg-spelare enligt ifkdb.se,Q5,Q20890517
Christian-Lundström_479,Christian Lundström,"anfallare i IFK Göteborg, sista säsong 1997",Q5,Q5967768
Mattias-Lundström_480,Mattias Lundström,"mittfältare i IFK Göteborg, sista säsong 2001",Q5,
Roland-Lundvall_481,Roland Lundvall,IFK Göteborg-spelare enligt ifkdb.se,Q5,
Tommy-Lycén_796,Tommy Lycén,"IFK Göteborg-spelare, sista säsong 2005",Q5,Q2441043
Ben-Magnusson_973,Ben Magnusson,"IFK Göteborg-spelare, sista säsong 2025",Q5,
Bernt-Magnusson_485,Bernt Magnusson,IFK Göteborg-spelare enligt ifkdb.se,Q5,
Dag-Magnusson_486,Dag Magnusson,"IFK Göteborg-spelare, sista säsong 1991",Q5,Q5971951
Eddy-Magnusson_487,Eddy Magnusson,"mittfältare i IFK Göteborg, sista säsong 1977",Q5,Q116877884
Gustaf-Magnusson_488,Gustaf Magnusson,IFK Göteborg-spelare enligt ifkdb.se,Q5,Q123173841
Harry-Magnusson_910,Harry Magnusson,IFK Göteborg-spelare enligt ifkdb.se,Q5,
Olof-Magnusson_489,Olof Magnusson,"IFK Göteborg-spelare, sista säsong 1998",Q5,Q124427640
May-Mahlangu_801,May Mahlangu,"mittfältare i IFK Göteborg, sista säsong 2014",Q5,Q1355219
Vladimir-Majdandzic_803,Vladimir Majdandzic,"försvarare i IFK Göteborg, sista säsong 2006",Q5,
Otto-Malm_490,Otto Malm,IFK Göteborg-spelare enligt ifkdb.se,Q5,Q65197127
Malick-Mané_804,Malick Mané,"anfallare i IFK Göteborg, sista säsong 2014",Q5,Q975431
Oliver-Månsson_1006,Oliver Månsson,IFK Göteborg-spelare enligt ifkdb.se,Q5,
Eman-Markovic_951,Eman Markovic,"anfallare i IFK Göteborg, sista säsong 2025",Q5,Q56752557
Mikael-Martinsson_491,Mikael Martinsson,"anfallare i IFK Göteborg, sista säsong 1998",Q5,Q1932986
Niclas-Martinsson_805,Niclas Martinsson,"mittfältare i IFK Göteborg, sista säsong 2009",Q5,
Örjan-Martinsson_492,Örjan Martinsson,IFK Göteborg-spelare enligt ifkdb.se,Q5,Q297897
Franklin-Matib_955,Franklin Matib,"anfallare i IFK Göteborg, sista säsong 2023",Q5,
Allan-Mattiasson_493,Allan Mattiasson,IFK Göteborg-spelare enligt ifkdb.se,Q5,Q116112391
Harris-Mattiasson_494,Harris Mattiasson,IFK Göteborg-spelare enligt ifkdb.se,Q5,Q125447521
Bruno-Mattsson_495,Bruno Mattsson,IFK Göteborg-spelare enligt ifkdb.se,Q5,
Lennart-Mattsson_496,Lennart Mattsson,IFK Göteborg-spelare enligt ifkdb.se,Q5,
Chris-Mbamba_802,Chris Mbamba,"mittfältare i IFK Göteborg, sista säsong 2010",Q5,Q19372292
Sigfried-Mellberg_498,Sigfried Mellberg,IFK Göteborg-spelare enligt ifkdb.se,Q5,
Kent-Mellbin_497,Kent Mellbin,"anfallare i IFK Göteborg, sista säsong 1962",Q5,
Arvid-Mellin_499,Arvid Mellin,IFK Göteborg-spelare enligt ifkdb.se,Q5,
Thomas-Mikkelsen_853,Thomas Mikkelsen,"anfallare i IFK Göteborg, sista säsong 2015",Q5,Q14214676
Håkan-Mild_500,Håkan Mild,"mittfältare i IFK Göteborg, sista säsong 2005",Q5,Q521803
Pär-Millqvist_501,Pär Millqvist,"anfallare i IFK Göteborg, sista säsong 1988",Q5,Q2120470
David-Moberg+Karlsson_806,Karlsson David Moberg,"anfallare i IFK Göteborg, sista säsong 2013",Q5,Q5237638
Johnny-Molén_502,Johnny Molén,"anfallare i IFK Göteborg, sista säsong 1973",Q5,
Elving-Molin_503,Elving Molin,"IFK Göteborg-spelare, sista säsong 1966",Q5,
Per+Edmund-Mordt_504,Per Edmund Mordt,"anfallare i IFK Göteborg, sista säsong 1993",Q5,Q1782843
Lars-Mörk_506,Lars Mörk,"mittfältare i IFK Göteborg, sista säsong 1981",Q5,Q116886432
Bengt-Mossberg_505,Bengt Mossberg,IFK Göteborg-spelare enligt ifkdb.se,Q5,Q116886105
George-Mourad_807,George Mourad,"anfallare i IFK Göteborg, sista säsong 2007",Q5,Q722178
Arbnor-Mucolli_966,Arbnor Mucolli,IFK Göteborg-spelare enligt ifkdb.se,Q5,Q28913254
Kamal-Mustafa_808,Kamal Mustafa,"IFK Göteborg-spelare, sista säsong 2009",Q5,Q5998413
Anders-Myrander+(Johansson)_313,Anders Myrander,"IFK Göteborg-spelare, sista säsong 1974",Q5,
Rasmus-Nåfors+Dahlin_975,Dahlin Rasmus Nåfors,IFK Göteborg-spelare enligt ifkdb.se,Q5,
Herbert-Nertby_507,Herbert Nertby,IFK Göteborg-spelare enligt ifkdb.se,Q5,
Erik-Nevland_508,Erik Nevland,"anfallare i IFK Göteborg, sista säsong 1999",Q5,Q249488
Daniel-Nicklasson_509,Daniel Nicklasson,"IFK Göteborg-spelare, sista säsong 2000",Q5,Q1161898
Göran-Nicklasson_510,Göran Nicklasson,IFK Göteborg-spelare enligt ifkdb.se,Q5,Q1371177
Donald-Niklasson_511,Donald Niklasson,"mittfältare i IFK Göteborg, sista säsong 1978",Q5,Q76493239
Andreas-Nilsson_809,Andreas Nilsson,"mittfältare i IFK Göteborg, sista säsong 2004",Q5,
Bror-Nilsson_512,Bror Nilsson,IFK Göteborg-spelare enligt ifkdb.se,Q5,
Erik-Nilsson_513,Erik Nilsson,"mittfältare i IFK Göteborg, sista säsong 1979",Q5,
Gunnar-Nilsson_514,Gunnar Nilsson,IFK Göteborg-spelare enligt ifkdb.se,Q5,
Jan-Nilsson_515,Jan Nilsson,"anfallare i IFK Göteborg, sista säsong 1978",Q5,
Jan-Erik-Nilsson_516,Jan-Erik Nilsson,"anfallare i IFK Göteborg, sista säsong 1983",Q5,
Kurt-Nilsson_517,Kurt Nilsson,IFK Göteborg-spelare enligt ifkdb.se,Q5,
Lars-Erik-Nilsson_518,Lars-Erik Nilsson,"anfallare i IFK Göteborg, sista säsong 1970",Q5,
Lennart-Nilsson_519,Lennart Nilsson,IFK Göteborg-spelare enligt ifkdb.se,Q5,Q121007538
Lennart-Nilsson_520,Lennart Nilsson,"anfallare i IFK Göteborg, sista säsong 1990",Q5,Q15725960
Mikael-Nilsson_521,Mikael Nilsson,"försvarare i IFK Göteborg, sista säsong 2001",Q5,Q949753
Per-Olof-Nilsson_522,Per-Olof Nilsson,"anfallare i IFK Göteborg, sista säsong 1983",Q5,
Robin-Nilsson_810,Robin Nilsson,"försvarare i IFK Göteborg, sista säsong 2007",Q5,
Roland-Nilsson_523,Roland Nilsson,"försvarare i IFK Göteborg, sista säsong 1989",Q5,Q704840
Stellan-Nilsson_524,Stellan Nilsson,"anfallare i IFK Göteborg, sista säsong 1972",Q5,
Torbjörn-Nilsson_525,Torbjörn Nilsson,"anfallare i IFK Göteborg, sista säsong 1986",Q5,Q946919
Elof-Nöjd_536,Elof Nöjd,IFK Göteborg-spelare enligt ifkdb.se,Q5,
Widrof-Nöjd_537,Widrof Nöjd,IFK Göteborg-spelare enligt ifkdb.se,Q5,
A.-Nordfeldt_526,A. Nordfeldt,IFK Göteborg-spelare enligt ifkdb.se,Q5,
Olle-Nordin_527,Olle Nordin,"anfallare i IFK Göteborg, sista säsong 1980",Q5,Q1375573
Björn-Nordqvist_528,Björn Nordqvist,"försvarare i IFK Göteborg, sista säsong 1978",Q5,Q706608
Billy-Nordström_811,Billy Nordström,"mittfältare i IFK Göteborg, sista säsong 2018",Q5,Q21064411
Jan-Nordström_529,Jan Nordström,IFK Göteborg-spelare enligt ifkdb.se,Q5,Q15876891
Marcus-Nordström_530,Marcus Nordström,"mittfältare i IFK Göteborg, sista säsong 1992",Q5,
Thure-Nordström_531,Thure Nordström,IFK Göteborg-spelare enligt ifkdb.se,Q5,
Åke-Norén_532,Åke Norén,IFK Göteborg-spelare enligt ifkdb.se,Q5,Q120962166
Gustaf-Norlin_932,Gustaf Norlin,"mittfältare i IFK Göteborg, sista säsong 2024",Q5,Q96336738
Arne-Nyberg_533,Arne Nyberg,IFK Göteborg-spelare enligt ifkdb.se,Q5,Q1484638
Ralph-Nyberg_534,Ralph Nyberg,IFK Göteborg-spelare enligt ifkdb.se,Q5,Q105047448
Alfons-Nygaard_929,Alfons Nygaard,"anfallare i IFK Göteborg, sista säsong 2022",Q5,Q113746575
Benjamin-Nygren_878,Benjamin Nygren,"anfallare i IFK Göteborg, sista säsong 2019",Q5,Q60677561
Kenneth-Nyström_535,Kenneth Nyström,IFK Göteborg-spelare enligt ifkdb.se,Q5,
Ralph-Öberg_739,Ralph Öberg,"IFK Göteborg-spelare, sista säsong 1967",Q5,
Erik-Odell_538,Erik Odell,IFK Göteborg-spelare enligt ifkdb.se,Q5,
Bertil-Ohlsson_540,Bertil Ohlsson,IFK Göteborg-spelare enligt ifkdb.se,Q5,
Owe-Ohlsson_541,Owe Ohlsson,"anfallare i IFK Göteborg, sista säsong 1964",Q5,Q722800
Samuel-Ohlsson_904,Samuel Ohlsson,"IFK Göteborg-spelare, sista säsong 2019",Q5,Q66845385
Sebastian-Ohlsson_893,Sebastian Ohlsson,"anfallare i IFK Göteborg, sista säsong 2024",Q5,Q16633334
Andreas-Öhman_885,Andreas Öhman,"mittfältare i IFK Göteborg, sista säsong 2018",Q5,Q66848813
Jukka-Ohtonen_542,Jukka Ohtonen,"mittfältare i IFK Göteborg, sista säsong 1986",Q5,Q11867747
Thorsteinn-Ólafsson_543,Thorsteinn Ólafsson,"målvakt i IFK Göteborg, sista säsong 1980",Q5,
Reine-Olausson_544,Reine Olausson,IFK Göteborg-spelare enligt ifkdb.se,Q5,Q120892414
Axel-Olausson+(Ohlsson)_539,Axel Olausson,IFK Göteborg-spelare enligt ifkdb.se,Q5,Q121075660
John-Olausson+(Olsson)_555,John Olausson,IFK Göteborg-spelare enligt ifkdb.se,Q5,
Fredrik-Oldrup+Jensen_876,Jensen Fredrik Oldrup,"mittfältare i IFK Göteborg, sista säsong 2018",Q5,Q11970093
Mats-Olofsson_545,Mats Olofsson,IFK Göteborg-spelare enligt ifkdb.se,Q5,
Victor-Olofsson_896,Victor Olofsson,"mittfältare i IFK Göteborg, sista säsong 2019",Q5,
Ifeoluwa-Olowoporoku_389,Ifeoluwa Olowoporoku,IFK Göteborg-spelare enligt ifkdb.se,Q5,
Sigfrid-Olsén_546,Sigfrid Olsén,IFK Göteborg-spelare enligt ifkdb.se,Q5,
Arthur-Olsson_547,Arthur Olsson,IFK Göteborg-spelare enligt ifkdb.se,Q5,
Bengt-Olsson_549,Bengt Olsson,"IFK Göteborg-spelare, sista säsong 1973",Q5,
Enoch-Olsson_551,Enoch Olsson,IFK Göteborg-spelare enligt ifkdb.se,Q5,
Erik-Olsson_552,Erik Olsson,IFK Göteborg-spelare enligt ifkdb.se,Q5,
Filip-Olsson_553,Filip Olsson,IFK Göteborg-spelare enligt ifkdb.se,Q5,
Harry-Olsson_554,Harry Olsson,IFK Göteborg-spelare enligt ifkdb.se,Q5,
Jonas-Olsson_556,Jonas Olsson,"försvarare i IFK Göteborg, sista säsong 1998",Q5,Q1703009
Karl-Olsson_550,Karl Olsson,IFK Göteborg-spelare enligt ifkdb.se,Q5,Q120965246
Olof-Olsson_557,Olof Olsson,IFK Göteborg-spelare enligt ifkdb.se,Q5,Q121095140
Rune-Olsson_558,Rune Olsson,IFK Göteborg-spelare enligt ifkdb.se,Q5,
Styrbjörn-Olsson_559,Styrbjörn Olsson,"anfallare i IFK Göteborg, sista säsong 1963",Q5,
Thomas-Olsson_812,Thomas Olsson,"mittfältare i IFK Göteborg, sista säsong 2011",Q5,Q741285
Elías+Már-Ómarsson_866,Elías Már Ómarsson,"anfallare i IFK Göteborg, sista säsong 2018",Q5,Q18978880
Gunnar-Öqvist_740,Gunnar Öqvist,IFK Göteborg-spelare enligt ifkdb.se,Q5,Q131386632
Börje-Oskarsson_560,Börje Oskarsson,"anfallare i IFK Göteborg, sista säsong 1972",Q5,
Åke-Östergren_742,Åke Östergren,IFK Göteborg-spelare enligt ifkdb.se,Q5,
Esbjörn-Österman_743,Esbjörn Österman,IFK Göteborg-spelare enligt ifkdb.se,Q5,
Rolf-Östgren_741,Rolf Östgren,IFK Göteborg-spelare enligt ifkdb.se,Q5,
Dan-Östlund_744,Dan Östlund,"anfallare i IFK Göteborg, sista säsong 1974",Q5,
Ernst-Östlund_745,Ernst Östlund,IFK Göteborg-spelare enligt ifkdb.se,Q5,Q124460301
Lennart-Ottordahl_561,Lennart Ottordahl,IFK Göteborg-spelare enligt ifkdb.se,Q5,Q6031098
Filip-Ottosson_1004,Filip Ottosson,IFK Göteborg-spelare enligt ifkdb.se,Q5,
Christian-Ozanne_562,Christian Ozanne,"IFK Göteborg-spelare, sista säsong 1991",Q5,
Hans-Palmquist_563,Hans Palmquist,"försvarare i IFK Göteborg, sista säsong 1986",Q5,Q16562723
Ragnvald-Pålsson_594,Ragnvald Pålsson,IFK Göteborg-spelare enligt ifkdb.se,Q5,
Anton-Pärleholt_943,Anton Pärleholt,"IFK Göteborg-spelare, sista säsong 2022",Q5,Q121159282
Jeferson-Paulista_751,Jeferson Paulista,"mittfältare i IFK Göteborg, sista säsong 2010",Q5,Q28510428
Jimmy-Paulsén+(Svensson)_666,Jimmy Paulsén,"mittfältare i IFK Göteborg, sista säsong 2003",Q5,
Heath-Pearce_850,Heath Pearce,"IFK Göteborg-spelare, sista säsong 2015",Q5,Q1384815
Steinar-Pedersen_564,Steinar Pedersen,"mittfältare i IFK Göteborg, sista säsong 2001",Q5,Q547806
Tore-Pedersen_565,Tore Pedersen,"försvarare i IFK Göteborg, sista säsong 1992",Q5,Q166703
Magnus-Pehrsson_566,Magnus Pehrsson,"mittfältare i IFK Göteborg, sista säsong 1998",Q5,Q2660386
David-Pérez_970,David Pérez,"mittfältare i IFK Göteborg, sista säsong 2024",Q5,
Bror-Persson_567,Bror Persson,IFK Göteborg-spelare enligt ifkdb.se,Q5,
Gösta-Persson_568,Gösta Persson,IFK Göteborg-spelare enligt ifkdb.se,Q5,
Henry-Persson_569,Henry Persson,IFK Göteborg-spelare enligt ifkdb.se,Q5,
Joakim-Persson_570,Joakim Persson,"mittfältare i IFK Göteborg, sista säsong 1999",Q5,Q1379017
Leif-Persson_571,Leif Persson,IFK Göteborg-spelare enligt ifkdb.se,Q5,
Manne-Persson_573,Manne Persson,IFK Göteborg-spelare enligt ifkdb.se,Q5,
Sven-Persson_574,Sven Persson,IFK Göteborg-spelare enligt ifkdb.se,Q5,
Berth-Pervik+(Pettersson)_579,Berth Pervik,IFK Göteborg-spelare enligt ifkdb.se,Q5,
Vilgot-Peterson_576,Vilgot Peterson,IFK Göteborg-spelare enligt ifkdb.se,Q5,
Frank-Petersson_580,Frank Petersson,IFK Göteborg-spelare enligt ifkdb.se,Q5,Q121080364
Jan-Erik-Petersson_582,Jan-Erik Petersson,"målvakt i IFK Göteborg, sista säsong 1962",Q5,
Rolf-Petersson_585,Rolf Petersson,"målvakt i IFK Göteborg, sista säsong 1970",Q5,
Theodor-Petersson_575,Theodor Petersson,IFK Göteborg-spelare enligt ifkdb.se,Q5,
Alexander-Petras_577,Alexander Petras,"IFK Göteborg-spelare, sista säsong 1998",Q5,
Bengt-Pettersson_578,Bengt Pettersson,IFK Göteborg-spelare enligt ifkdb.se,Q5,
Ingemar-Pettersson_581,Ingemar Pettersson,IFK Göteborg-spelare enligt ifkdb.se,Q5,
Oscar-Pettersson_971,Oscar Pettersson,"anfallare i IFK Göteborg, sista säsong 2024",Q5,Q66606352
Roland-Pettersson_584,Roland Pettersson,IFK Göteborg-spelare enligt ifkdb.se,Q5,
Roland-Pettersson_918,Roland Pettersson,IFK Göteborg-spelare enligt ifkdb.se,Q5,
Ronald-Pettersson_586,Ronald Pettersson,IFK Göteborg-spelare enligt ifkdb.se,Q5,Q970159
Rune-Pettersson_587,Rune Pettersson,IFK Göteborg-spelare enligt ifkdb.se,Q5,
Stefan-Pettersson_588,Stefan Pettersson,"anfallare i IFK Göteborg, sista säsong 1998",Q5,Q764704
Tom-Pettersson_845,Tom Pettersson,"mittfältare i IFK Göteborg, sista säsong 2016",Q5,Q6046543
Magnus-Pewik+(Persson)_572,Magnus Pewik,"IFK Göteborg-spelare, sista säsong 1989",Q5,
Thomas-Phillips_590,Thomas Phillips,"mittfältare i IFK Göteborg, sista säsong 1983",Q5,
Toni-Profozic_592,Toni Profozic,"anfallare i IFK Göteborg, sista säsong 1971",Q5,
Robert-Prytz_593,Robert Prytz,"mittfältare i IFK Göteborg, sista säsong 1985",Q5,Q1368641
Andreas-Pyndt_981,Andreas Pyndt,"mittfältare i IFK Göteborg, sista säsong 2024",Q5,Q95981100
Jan-Qvist_595,Jan Qvist,IFK Göteborg-spelare enligt ifkdb.se,Q5,
Leo-Radakovic_995,Leo Radakovic,IFK Göteborg-spelare enligt ifkdb.se,Q5,
Johan-Ragnell_596,Johan Ragnell,"anfallare i IFK Göteborg, sista säsong 1989",Q5,Q16920433
Marino-Rahmberg_597,Marino Rahmberg,"anfallare i IFK Göteborg, sista säsong 2004",Q5,Q731176
Mathias-Ranégie_813,Mathias Ranégie,"anfallare i IFK Göteborg, sista säsong 2008",Q5,Q703994
Jari-Rantanen_598,Jari Rantanen,"anfallare i IFK Göteborg, sista säsong 1987",Q5,Q2639533
Jonathan-Rasheed_1009,Jonathan Rasheed,IFK Göteborg-spelare enligt ifkdb.se,Q5,Q23918800
Ernst-Rasmusson_599,Ernst Rasmusson,IFK Göteborg-spelare enligt ifkdb.se,Q5,Q121141113
Andreas-Ravelli_601,Andreas Ravelli,"IFK Göteborg-spelare, sista säsong 1989",Q5,Q478588
Thomas-Ravelli_600,Thomas Ravelli,"målvakt i IFK Göteborg, sista säsong 1999",Q5,Q313710
Abdul-Razak_868,Abdul Razak,"mittfältare i IFK Göteborg, sista säsong 2017",Q5,Q247730
Erik-Regell_602,Erik Regell,IFK Göteborg-spelare enligt ifkdb.se,Q5,
Stefan-Rehn_603,Stefan Rehn,"mittfältare i IFK Göteborg, sista säsong 1995",Q5,Q703399
Gunnar-Reis_604,Gunnar Reis,IFK Göteborg-spelare enligt ifkdb.se,Q5,
Erik-Renneby+(Augustsson)_89,Erik Renneby,IFK Göteborg-spelare enligt ifkdb.se,Q5,
Richard-Richardsson_814,Richard Richardsson,"målvakt i IFK Göteborg, sista säsong 2006",Q5,Q89286200
Søren-Rieks_815,Søren Rieks,"anfallare i IFK Göteborg, sista säsong 2017",Q5,Q645237
Riku-Riski_852,Riku Riski,"anfallare i IFK Göteborg, sista säsong 2015",Q5,Q2128731
Fredrik-Risp+(Karlsson)_386,Fredrik Risp,"IFK Göteborg-spelare, sista säsong 2010",Q5,Q676014
Trevor-Robinson_816,Trevor Robinson,"mittfältare i IFK Göteborg, sista säsong 2006",Q5,Q7839406
Thomas-Rogne_857,Thomas Rogne,"IFK Göteborg-spelare, sista säsong 2017",Q5,Q609801
Bastian-Rojas+Diaz+(Andersson)_817,Diaz Bastian Rojas,"mittfältare i IFK Göteborg, sista säsong 2007",Q5,
Herbert-Rosell_605,Herbert Rosell,IFK Göteborg-spelare enligt ifkdb.se,Q5,Q138548435
Folke-Rosén_606,Folke Rosén,IFK Göteborg-spelare enligt ifkdb.se,Q5,
Peter-Rosengren_607,Peter Rosengren,"IFK Göteborg-spelare, sista säsong 1976",Q5,
Tomas-Rosenkvist_608,Tomas Rosenkvist,"mittfältare i IFK Göteborg, sista säsong 2004",Q5,Q16633382
Raimondo-Rossi_609,Raimondo Rossi,IFK Göteborg-spelare enligt ifkdb.se,Q5,
Oskar-Rotenberg_610,Oskar Rotenberg,IFK Göteborg-spelare enligt ifkdb.se,Q5,
Bror-Rundberg_611,Bror Rundberg,IFK Göteborg-spelare enligt ifkdb.se,Q5,
Oskar-Rutgersson_612,Oskar Rutgersson,IFK Göteborg-spelare enligt ifkdb.se,Q5,
Gunnar-Ruthberg_613,Gunnar Ruthberg,"IFK Göteborg-spelare, sista säsong 1952",Q5,
Sture-Ryberg_614,Sture Ryberg,IFK Göteborg-spelare enligt ifkdb.se,Q5,
Anders-Rydberg_615,Anders Rydberg,IFK Göteborg-spelare enligt ifkdb.se,Q5,Q491262
Gunnar-Rydberg_616,Gunnar Rydberg,IFK Göteborg-spelare enligt ifkdb.se,Q5,Q1284546
Olof-Rydberg_694,Olof Rydberg,IFK Göteborg-spelare enligt ifkdb.se,Q5,Q121059622
Sigurd-Rydberg_617,Sigurd Rydberg,IFK Göteborg-spelare enligt ifkdb.se,Q5,
Sven-Rydell_618,Sven Rydell,IFK Göteborg-spelare enligt ifkdb.se,Q5,Q536745
Anders-Rylander_619,Anders Rylander,IFK Göteborg-spelare enligt ifkdb.se,Q5,
Bertil-Rylander_620,Bertil Rylander,IFK Göteborg-spelare enligt ifkdb.se,Q5,Q78215503
Sven-Rylander_621,Sven Rylander,IFK Göteborg-spelare enligt ifkdb.se,Q5,
Janne-Saarinen_622,Janne Saarinen,"mittfältare i IFK Göteborg, sista säsong 1998",Q5,Q512769
Lawson-Sabah_855,Lawson Sabah,"mittfältare i IFK Göteborg, sista säsong 2020",Q5,Q20745259
Måns-Saebbö_894,Måns Saebbö,"anfallare i IFK Göteborg, sista säsong 2019",Q5,Q63801217
Erkan-Saglik_818,Erkan Saglik,"försvarare i IFK Göteborg, sista säsong 2005",Q5,Q82902
Vajebah-Sakor_873,Vajebah Sakor,"mittfältare i IFK Göteborg, sista säsong 2019",Q5,Q12008808
Abundance-Salaou_949,Abundance Salaou,"mittfältare i IFK Göteborg, sista säsong 2026",Q5,Q113660322
Saidu-Salisu_950,Saidu Salisu,"anfallare i IFK Göteborg, sista säsong 2022",Q5,
Emil-Salomonsson_819,Emil Salomonsson,"mittfältare i IFK Göteborg, sista säsong 2024",Q5,Q3052243
Åke-Samuelsson_625,Åke Samuelsson,IFK Göteborg-spelare enligt ifkdb.se,Q5,Q109558117
Herbert-Samuelsson_623,Herbert Samuelsson,IFK Göteborg-spelare enligt ifkdb.se,Q5,Q124459962
Lucas-Samuelsson_709,Lucas Samuelsson,"målvakt i IFK Göteborg, sista säsong 2023",Q5,
Morgan-Samuelsson_624,Morgan Samuelsson,IFK Göteborg-spelare enligt ifkdb.se,Q5,
Kabba-Samura_626,Kabba Samura,"anfallare i IFK Göteborg, sista säsong 2002",Q5,Q1374655
Tobias-Sana_820,Tobias Sana,"mittfältare i IFK Göteborg, sista säsong 2022",Q5,Q128859
Gustaf-Sandberg_627,Gustaf Sandberg,IFK Göteborg-spelare enligt ifkdb.se,Q5,
Håkan-Sandberg_628,Håkan Sandberg,"anfallare i IFK Göteborg, sista säsong 1984",Q5,Q1395363
Marcus-Sandberg_821,Marcus Sandberg,"målvakt i IFK Göteborg, sista säsong 2015",Q5,Q6091938
Mauritz-Sandberg_629,Mauritz Sandberg,IFK Göteborg-spelare enligt ifkdb.se,Q5,Q1911576
Roland-Sandberg_630,Roland Sandberg,IFK Göteborg-spelare enligt ifkdb.se,Q5,
Hans-Sandesjö+(Svensson)_661,Hans Sandesjö,IFK Göteborg-spelare enligt ifkdb.se,Q5,
William-Sandford_979,William Sandford,"mittfältare i IFK Göteborg, sista säsong 2024",Q5,
Lars-Sandgren+(Eriksson)_193,Lars Sandgren,IFK Göteborg-spelare enligt ifkdb.se,Q5,
Mikael-Sandklef_631,Mikael Sandklef,"mittfältare i IFK Göteborg, sista säsong 2005",Q5,Q6092847
Herbert-Sandström_632,Herbert Sandström,IFK Göteborg-spelare enligt ifkdb.se,Q5,
Thomas-Santos_965,Thomas Santos,"anfallare i IFK Göteborg, sista säsong 2026",Q5,Q107415743
John-Säwström_680,John Säwström,IFK Göteborg-spelare enligt ifkdb.se,Q5,Q121052611
Dennis-Schiller_633,Dennis Schiller,"försvarare i IFK Göteborg, sista säsong 1987",Q5,Q1774462
Glenn-Schiller_634,Glenn Schiller,"mittfältare i IFK Göteborg, sista säsong 1985",Q5,Q1531110
Gösta-Schmidt_636,Gösta Schmidt,IFK Göteborg-spelare enligt ifkdb.se,Q5,Q131283207
Allan-Schüler_639,Allan Schüler,IFK Göteborg-spelare enligt ifkdb.se,Q5,
Per-Otto-Schulz_637,Per-Otto Schulz,IFK Göteborg-spelare enligt ifkdb.se,Q5,
Caleb-Schylander_638,Caleb Schylander,IFK Göteborg-spelare enligt ifkdb.se,Q5,Q5019292
Stig-Segerdahl_640,Stig Segerdahl,IFK Göteborg-spelare enligt ifkdb.se,Q5,Q128790454
Stefan-Selakovic_823,Stefan Selakovic,"anfallare i IFK Göteborg, sista säsong 2012",Q5,Q569074
Ali-Selim_824,Ali Selim,"IFK Göteborg-spelare, sista säsong 2008",Q5,
Astrit-Selmani_967,Astrit Selmani,"anfallare i IFK Göteborg, sista säsong 2023",Q5,Q63482320
Johannes-Selvén_954,Johannes Selvén,"IFK Göteborg-spelare, sista säsong 2023",Q5,
Harry-Setterlund_641,Harry Setterlund,IFK Göteborg-spelare enligt ifkdb.se,Q5,
José-Shaffer_822,José Shaffer,"IFK Göteborg-spelare, sista säsong 2007",Q5,Q1363236
Ishak-Shamoun_935,Ishak Shamoun,"mittfältare i IFK Göteborg, sista säsong 2021",Q5,Q112166239
Kolbeinn-Sigthórsson_927,Kolbeinn Sigthórsson,"anfallare i IFK Göteborg, sista säsong 2021",Q5,Q128936
Ragnar-Sigurdsson_825,Ragnar Sigurdsson,"mittfältare i IFK Göteborg, sista säsong 2011",Q5,Q760734
Bruno-Silva_826,Bruno Silva,"mittfältare i IFK Göteborg, sista säsong 2010",Q5,Q4979444
Kjell-Sjöberg_642,Kjell Sjöberg,IFK Göteborg-spelare enligt ifkdb.se,Q5,
Sven-Sjöblom_643,Sven Sjöblom,IFK Göteborg-spelare enligt ifkdb.se,Q5,Q10684712
Jan-Sjöström_644,Jan Sjöström,IFK Göteborg-spelare enligt ifkdb.se,Q5,Q1682220
Laurs-Skjellerup_972,Laurs Skjellerup,"anfallare i IFK Göteborg, sista säsong 2024",Q5,Q109659684
Vallentin-Skoglund_646,Vallentin Skoglund,IFK Göteborg-spelare enligt ifkdb.se,Q5,
Folke-Sköld_645,Folke Sköld,IFK Göteborg-spelare enligt ifkdb.se,Q5,
Victor-Sköld_856,Victor Sköld,"anfallare i IFK Göteborg, sista säsong 2016",Q5,Q18219823
Martin-Smedberg+Dalence_827,Dalence Martin Smedberg,"mittfältare i IFK Göteborg, sista säsong 2017",Q5,Q6181313
Einar-Smith_635,Einar Smith,IFK Göteborg-spelare enligt ifkdb.se,Q5,Q116961351
Daniel-Sobralense_828,Daniel Sobralense,"mittfältare i IFK Göteborg, sista säsong 2014",Q5,Q444766
Robin-Söder_833,Robin Söder,"anfallare i IFK Göteborg, sista säsong 2021",Q5,Q1683569
Ole-Söderberg_926,Ole Söderberg,"målvakt i IFK Göteborg, sista säsong 2021",Q5,Q4566026
Oskar-Söderberg_681,Oskar Söderberg,IFK Göteborg-spelare enligt ifkdb.se,Q5,
Algot-Söderqvist_682,Algot Söderqvist,IFK Göteborg-spelare enligt ifkdb.se,Q5,
Erik-Sorga_939,Erik Sorga,"anfallare i IFK Göteborg, sista säsong 2022",Q5,Q64605847
Moses-Ssewankambo_829,Moses Ssewankambo,"anfallare i IFK Göteborg, sista säsong 2006",Q5,
Helge-Ståhlfors_652,Helge Ståhlfors,IFK Göteborg-spelare enligt ifkdb.se,Q5,
Torsten-Ståhlfors_653,Torsten Ståhlfors,IFK Göteborg-spelare enligt ifkdb.se,Q5,
Carl-Starfelt_875,Carl Starfelt,"IFK Göteborg-spelare, sista säsong 2019",Q5,Q16633442
David-Stenman_830,David Stenman,"målvakt i IFK Göteborg, sista säsong 2008",Q5,Q6189230
Börje-Stensson_647,Börje Stensson,"målvakt i IFK Göteborg, sista säsong 1974",Q5,
Hannes-Stiller+(Tobiasson)_831,Hannes Stiller,"mittfältare i IFK Göteborg, sista säsong 2013",Q5,Q5649129
Zoran-Stojcevski_648,Zoran Stojcevski,"mittfältare i IFK Göteborg, sista säsong 1993",Q5,Q6191106
Olof-Stolt_649,Olof Stolt,IFK Göteborg-spelare enligt ifkdb.se,Q5,
Lennart-Ström_650,Lennart Ström,IFK Göteborg-spelare enligt ifkdb.se,Q5,
Glenn-Strömberg_651,Glenn Strömberg,"mittfältare i IFK Göteborg, sista säsong 1982",Q5,Q602845
Kjell-Sundh_654,Kjell Sundh,"mittfältare i IFK Göteborg, sista säsong 1974",Q5,
Kenneth-Sundin_655,Kenneth Sundin,"försvarare i IFK Göteborg, sista säsong 1978",Q5,
Verner-Sundvall_656,Verner Sundvall,IFK Göteborg-spelare enligt ifkdb.se,Q5,
Allan-Svantesson_657,Allan Svantesson,IFK Göteborg-spelare enligt ifkdb.se,Q5,
Ulf-Svärd_679,Ulf Svärd,"anfallare i IFK Göteborg, sista säsong 1969",Q5,
Peter-Svärdegård_678,Peter Svärdegård,"anfallare i IFK Göteborg, sista säsong 1976",Q5,
-Svensson_676,Svensson,IFK Göteborg-spelare enligt ifkdb.se,Q5,
Elis-Svensson_658,Elis Svensson,IFK Göteborg-spelare enligt ifkdb.se,Q5,
Göte-Svensson_660,Göte Svensson,IFK Göteborg-spelare enligt ifkdb.se,Q5,
Gustav-Svensson_832,Gustav Svensson,"mittfältare i IFK Göteborg, sista säsong 2025",Q5,Q936854
Harry-Svensson_662,Harry Svensson,"mittfältare i IFK Göteborg, sista säsong 1971",Q5,Q18128515
Henning-Svensson_663,Henning Svensson,IFK Göteborg-spelare enligt ifkdb.se,Q5,Q1556219
Ingvar-Svensson_664,Ingvar Svensson,"anfallare i IFK Göteborg, sista säsong 1968",Q5,Q61699449
Jan-Åke-Svensson_665,Jan-Åke Svensson,"anfallare i IFK Göteborg, sista säsong 1973",Q5,
Jonathan-Svensson_453,Jonathan Svensson,"försvarare i IFK Göteborg, sista säsong 2007",Q5,
Karl-Svensson_667,Karl Svensson,"mittfältare i IFK Göteborg, sista säsong 2011",Q5,Q706191
Leif-Svensson_668,Leif Svensson,IFK Göteborg-spelare enligt ifkdb.se,Q5,
Mats-Svensson_669,Mats Svensson,"IFK Göteborg-spelare, sista säsong 1964",Q5,
Ola-Svensson_670,Ola Svensson,"mittfältare i IFK Göteborg, sista säsong 1994",Q5,Q6198984
Ragnar-Svensson_671,Ragnar Svensson,IFK Göteborg-spelare enligt ifkdb.se,Q5,
Ruben-Svensson_672,Ruben Svensson,"försvarare i IFK Göteborg, sista säsong 1986",Q5,Q1618059
Sami-Svensson_673,Sami Svensson,IFK Göteborg-spelare enligt ifkdb.se,Q5,
Torsten-Svensson_674,Torsten Svensson,IFK Göteborg-spelare enligt ifkdb.se,Q5,Q178282
Urban-Svensson_675,Urban Svensson,IFK Göteborg-spelare enligt ifkdb.se,Q5,
Gösta-Swerin_677,Gösta Swerin,IFK Göteborg-spelare enligt ifkdb.se,Q5,Q28155238
Gerhard-Täll_683,Gerhard Täll,IFK Göteborg-spelare enligt ifkdb.se,Q5,
Olof-Tell_684,Olof Tell,IFK Göteborg-spelare enligt ifkdb.se,Q5,
Ove-Tengberg_685,Ove Tengberg,"målvakt i IFK Göteborg, sista säsong 1979",Q5,
Jan-Tengwall+(Prochazka)_591,Jan Tengwall,"mittfältare i IFK Göteborg, sista säsong 2002",Q5,
Emmanuel-Tetteh_686,Emmanuel Tetteh,"anfallare i IFK Göteborg, sista säsong 1999",Q5,Q4816480
Eric-Thelander_687,Eric Thelander,IFK Göteborg-spelare enligt ifkdb.se,Q5,
Ove-Thelin_688,Ove Thelin,IFK Göteborg-spelare enligt ifkdb.se,Q5,
Simon-Thern_933,Simon Thern,"mittfältare i IFK Göteborg, sista säsong 2023",Q5,Q1342780
Kolbeinn-Thordarson_968,Kolbeinn Thordarson,IFK Göteborg-spelare enligt ifkdb.se,Q5,Q70749486
Fredrik-Thorén_689,Fredrik Thorén,"försvarare i IFK Göteborg, sista säsong 2003",Q5,
Oliver-Thoreson_964,Oliver Thoreson,IFK Göteborg-spelare enligt ifkdb.se,Q5,
Karl-Thorin_690,Karl Thorin,IFK Göteborg-spelare enligt ifkdb.se,Q5,
Odd-Thorstenson+(Torstensson)_696,Odd Thorstenson,IFK Göteborg-spelare enligt ifkdb.se,Q5,
Erik-Thorstvedt_691,Erik Thorstvedt,"målvakt i IFK Göteborg, sista säsong 1988",Q5,Q553903
Carl-Olof-Thunberg_692,Carl-Olof Thunberg,IFK Göteborg-spelare enligt ifkdb.se,Q5,
Erik-Thyberg_693,Erik Thyberg,IFK Göteborg-spelare enligt ifkdb.se,Q5,
Adil-Titi_891,Adil Titi,"mittfältare i IFK Göteborg, sista säsong 2021",Q5,Q63801194
Ove-Tobiasson_695,Ove Tobiasson,"målvakt i IFK Göteborg, sista säsong 1987",Q5,Q76402356
Nzuzi-Toko_903,Nzuzi Toko,"mittfältare i IFK Göteborg, sista säsong 2020",Q5,Q667348
Noah-Tolf_984,Noah Tolf,IFK Göteborg-spelare enligt ifkdb.se,Q5,Q125822900
Jesper-Tolinsson_916,Jesper Tolinsson,"IFK Göteborg-spelare, sista säsong 2021",Q5,Q74223509
Konrad-Törnqvist_699,Konrad Törnqvist,IFK Göteborg-spelare enligt ifkdb.se,Q5,Q3856113
Roland-Torstensson_697,Roland Torstensson,"målvakt i IFK Göteborg, sista säsong 1980",Q5,
Arne-Tranberg_698,Arne Tranberg,IFK Göteborg-spelare enligt ifkdb.se,Q5,
Anders-Trondsen_412,Anders Trondsen,"mittfältare i IFK Göteborg, sista säsong 2025",Q5,Q4753938
Tuomo-Turunen_834,Tuomo Turunen,"IFK Göteborg-spelare, sista säsong 2010",Q5,Q2620616
Vilmer-Tyrén_969,Vilmer Tyrén,IFK Göteborg-spelare enligt ifkdb.se,Q5,Q122624668
Eric-Uhlén_700,Eric Uhlén,IFK Göteborg-spelare enligt ifkdb.se,Q5,
Martin-Ulander_701,Martin Ulander,"IFK Göteborg-spelare, sista säsong 2005",Q5,Q1905165
Hjörtur+Logi-Valgardsson_835,Hjörtur Logi Valgardsson,"IFK Göteborg-spelare, sista säsong 2013",Q5,Q2634131
Tim-van+Assema_907,Assema Tim Van,"mittfältare i IFK Göteborg, sista säsong 2022",Q5,Q106076047
Andrés-Vasquez_836,Andrés Vasquez,"mittfältare i IFK Göteborg, sista säsong 2007",Q5,Q524927
Magnus-Verdin_719,Magnus Verdin,"målvakt i IFK Göteborg, sista säsong 1990",Q5,
Lasse-Vibe_837,Lasse Vibe,"anfallare i IFK Göteborg, sista säsong 2019",Q5,Q6493951
Robert-Vilahamn+(Karlsson)_384,Robert Vilahamn,"anfallare i IFK Göteborg, sista säsong 2003",Q5,Q16633526
Bernardo-Vilar_936,Bernardo Vilar,"IFK Göteborg-spelare, sista säsong 2022",Q5,Q106453067
Oscar-Vilhelmsson_909,Oscar Vilhelmsson,"anfallare i IFK Göteborg, sista säsong 2022",Q5,Q74225954
Erik-Vingner_725,Erik Vingner,IFK Göteborg-spelare enligt ifkdb.se,Q5,
Erik-Wahlstedt_702,Erik Wahlstedt,"anfallare i IFK Göteborg, sista säsong 1996",Q5,Q1354216
Jonas-Wallerstedt_838,Jonas Wallerstedt,"anfallare i IFK Göteborg, sista säsong 2008",Q5,Q727097
Bror-Wallin_703,Bror Wallin,IFK Göteborg-spelare enligt ifkdb.se,Q5,
Jan-Wallin_704,Jan Wallin,"IFK Göteborg-spelare, sista säsong 1990",Q5,
Lennart-Wallin_705,Lennart Wallin,"mittfältare i IFK Göteborg, sista säsong 1974",Q5,
Nils-Wallin_706,Nils Wallin,IFK Göteborg-spelare enligt ifkdb.se,Q5,
Viktor-Wallin_707,Viktor Wallin,IFK Göteborg-spelare enligt ifkdb.se,Q5,
Karl-Erik-Wallman_708,Karl-Erik Wallman,IFK Göteborg-spelare enligt ifkdb.se,Q5,
Stefan-Wättring_730,Stefan Wättring,"försvarare i IFK Göteborg, sista säsong 1974",Q5,
Jake-Weisbrod_897,Jake Weisbrod,"försvarare i IFK Göteborg, sista säsong 2019",Q5,
Joakim-Wendt_710,Joakim Wendt,"mittfältare i IFK Göteborg, sista säsong 1981",Q5,
Leif-Wendt_712,Leif Wendt,IFK Göteborg-spelare enligt ifkdb.se,Q5,Q116970119
Leif-Wendt_994,Leif Wendt,"IFK Göteborg-spelare, sista säsong 1964",Q5,
Oscar-Wendt_713,Oscar Wendt,"mittfältare i IFK Göteborg, sista säsong 2024",Q5,Q521088
Gunnar-Wenzel_714,Gunnar Wenzel,IFK Göteborg-spelare enligt ifkdb.se,Q5,Q121027952
Nils-Wenzel_715,Nils Wenzel,IFK Göteborg-spelare enligt ifkdb.se,Q5,
Rune-Wenzel_716,Rune Wenzel,IFK Göteborg-spelare enligt ifkdb.se,Q5,Q2176369
Pontus-Wernbloom_839,Pontus Wernbloom,"mittfältare i IFK Göteborg, sista säsong 2021",Q5,Q313037
Gustaf-Werner_720,Gustaf Werner,IFK Göteborg-spelare enligt ifkdb.se,Q5,
Lars-Werner_721,Lars Werner,IFK Göteborg-spelare enligt ifkdb.se,Q5,
Thomas-Wernerson_722,Thomas Wernerson,"målvakt i IFK Göteborg, sista säsong 1989",Q5,Q2428120
Victor-Wernersson_883,Victor Wernersson,"mittfältare i IFK Göteborg, sista säsong 2020",Q5,Q19977328
Daniel-Westlin_724,Daniel Westlin,"anfallare i IFK Göteborg, sista säsong 2002",Q5,Q6339516
Gustav-Westlund_723,Gustav Westlund,IFK Göteborg-spelare enligt ifkdb.se,Q5,
Tonie-Wiklander_727,Tonie Wiklander,"målvakt i IFK Göteborg, sista säsong 1972",Q5,
Bengt-Wikström_728,Bengt Wikström,IFK Göteborg-spelare enligt ifkdb.se,Q5,
Rasmus-Wikström_895,Rasmus Wikström,"IFK Göteborg-spelare, sista säsong 2021",Q5,Q66845364
Axel-Wingård_729,Axel Wingård,"IFK Göteborg-spelare, sista säsong 2002",Q5,
Samuel-Wowoah_840,Samuel Wowoah,"mittfältare i IFK Göteborg, sista säsong 2006",Q5,Q1856966
Magnus-Wygler+(Brunbäck)_133,Magnus Wygler,"IFK Göteborg-spelare, sista säsong 1999",Q5,
Kjetil-Wæhler_841,Kjetil Wæhler,"IFK Göteborg-spelare, sista säsong 2014",Q5,Q779662
Kevin-Yakob_928,Kevin Yakob,"anfallare i IFK Göteborg, sista säsong 2022",Q5,Q58339004
Malick-Yalcouyé_959,Malick Yalcouyé,"mittfältare i IFK Göteborg, sista säsong 2024",Q5,Q124734146
Rockson-Yeboah_992,Rockson Yeboah,IFK Göteborg-spelare enligt ifkdb.se,Q5,Q130617648
Alhassan-Yusuf_886,Alhassan Yusuf,"mittfältare i IFK Göteborg, sista säsong 2021",Q5,Q63301912
Gunnar-Zacharoff_731,Gunnar Zacharoff,IFK Göteborg-spelare enligt ifkdb.se,Q5,Q16650635
Harry-Zachrisson_733,Harry Zachrisson,IFK Göteborg-spelare enligt ifkdb.se,Q5,Q124455347
Hampus-Zackrisson_842,Hampus Zackrisson,"mittfältare i IFK Göteborg, sista säsong 2014",Q5,Q5646354
Benjamin-Zalo_867,Benjamin Zalo,"försvarare i IFK Göteborg, sista säsong 2017",Q5,
Lars-Zetterlund_735,Lars Zetterlund,"mittfältare i IFK Göteborg, sista säsong 1989",Q5,Q1806367
Walker-Zimmerman_888,Walker Zimmerman,"försvarare i IFK Göteborg, sista säsong 2016",Q5,Q13569294
Kenneth-Zohore_843,Kenneth Zohore,"anfallare i IFK Göteborg, sista säsong 2014",Q5,Q933158
