url,name
https://goteborgsalliansen.se/spelare/Henok-Abrahamsson_143,Henok Abrahamsson														(1909-1958)
https://goteborgsalliansen.se/spelare/Olle-%C3%85hlund_166,Olle Åhlund														(1920-1996)
https://goteborgsalliansen.se/spelare/Mauritz-%C3%85kervall_152,Mauritz Åkervall														(1908-1983)
https://goteborgsalliansen.se/spelare/Conny-Aldorsson_336,Conny Aldorsson														(1945-2023)
https://goteborgsalliansen.se/spelare/Stefan-Allb%C3%A4ck_317,Stefan Allbäck
https://goteborgsalliansen.se/spelare/G%C3%B6sta-Almbjerg_308,Gösta Almbjerg														(1942-2024)
https://goteborgsalliansen.se/spelare/Knut-Almqvist_228,Knut Almqvist														(1924-2017)
https://goteborgsalliansen.se/spelare/Reine-Almqvist_311,Reine Almqvist
https://goteborgsalliansen.se/spelare/Rolf-Almqvist_185,Rolf Almqvist														(1924-2004)
https://goteborgsalliansen.se/spelare/Roger-Altemark_344,Roger Altemark
https://goteborgsalliansen.se/spelare/Peder-Amberntsson_328,Peder Amberntsson
https://goteborgsalliansen.se/spelare/%C3%85ke-Andersson_139,Åke Andersson														(1917-1983)
https://goteborgsalliansen.se/spelare/Albert-Andersson_2,Albert Andersson														(1895-1948)
https://goteborgsalliansen.se/spelare/Allan-Andersson_189,Allan Andersson														(1927-1997)
https://goteborgsalliansen.se/spelare/Bertil-Andersson+I_134,Bertil Andersson I														(1909-1996)
https://goteborgsalliansen.se/spelare/Bertil-Andersson+II_216,Bertil Andersson II														(1929-2009)
https://goteborgsalliansen.se/spelare/Dick-Andersson_278,Dick Andersson														(1943-1979)
https://goteborgsalliansen.se/spelare/Erik-Andersson_58,Erik Andersson														(1898-1974)
https://goteborgsalliansen.se/spelare/Ernst-Andersson_77,Ernst Andersson														(1909-1989)
https://goteborgsalliansen.se/spelare/Gillis-Andersson_52,Gillis Andersson														(1895-1973)
https://goteborgsalliansen.se/spelare/G%C3%B6sta-Andersson_74,Gösta Andersson														(1907-1990)
https://goteborgsalliansen.se/spelare/Gunnar-Andersson_218,Gunnar Andersson														(1928-1969)
https://goteborgsalliansen.se/spelare/Gustaf-Andersson_125,Gustaf Andersson														(1912-1989)
https://goteborgsalliansen.se/spelare/Harry-Andersson_148,Harry Andersson														(1912-1989)
https://goteborgsalliansen.se/spelare/Henry-Andersson+I_128,Henry Andersson I														(1909-1979)
https://goteborgsalliansen.se/spelare/Henry-Andersson+II_135,Henry Andersson II														(1915-2005)
https://goteborgsalliansen.se/spelare/Henry-Andersson+III_170,Henry Andersson III														(1924-2009)
https://goteborgsalliansen.se/spelare/Karl-Andersson_54,Karl Andersson														(1896-1945)
https://goteborgsalliansen.se/spelare/Knut-Andersson_86,Knut Andersson														(1903-1991)
https://goteborgsalliansen.se/spelare/Lars-Andersson_255,Lars Andersson
https://goteborgsalliansen.se/spelare/Leif-Andersson_230,Leif Andersson														(1932-2020)
https://goteborgsalliansen.se/spelare/Michael-Andersson_352,Michael Andersson
https://goteborgsalliansen.se/spelare/Nils-Andersson_39,Nils Andersson														(1903-1990)
https://goteborgsalliansen.se/spelare/Otto-Andersson_110,Otto Andersson														(1910-1977)
https://goteborgsalliansen.se/spelare/Stellan-Andersson_59,Stellan Andersson														(1902-1964)
https://goteborgsalliansen.se/spelare/Stig-Andersson+I_191,Stig Andersson I														(1925-2005)
https://goteborgsalliansen.se/spelare/Stig-Andersson+II_271,Stig Andersson II
https://goteborgsalliansen.se/spelare/Verner-Andersson_17,Verner Andersson														(1904-1975)
https://goteborgsalliansen.se/spelare/Verner-Andersson_17,Verner Andersson														(1904-1975)
https://goteborgsalliansen.se/spelare/Nils-Andreasson_106,Nils Andreasson														(1906-1989)
https://goteborgsalliansen.se/spelare/Erik-Angren_120,Erik Angren														(1914-1992)
https://goteborgsalliansen.se/spelare/Josef-Appelgren_99,Josef Appelgren														(1890-1964)
https://goteborgsalliansen.se/spelare/Sven-Appelgren_219,Sven Appelgren														(1927-2017)
https://goteborgsalliansen.se/spelare/Kurt-Axelsson_292,Kurt Axelsson														(1941-1984)
https://goteborgsalliansen.se/spelare/Kent-B%C3%A4ck_295,Kent Bäck
https://goteborgsalliansen.se/spelare/Leif-Beckman_205,Leif Beckman														(1923-1998)
https://goteborgsalliansen.se/spelare/Algot-Bengtsson_70,Algot Bengtsson														(1900-1987)
https://goteborgsalliansen.se/spelare/Gunnar-Bengtsson_141,Gunnar Bengtsson														(1912-1988)
https://goteborgsalliansen.se/spelare/Holger-Bengtsson_147,Holger Bengtsson														(1912-1980)
https://goteborgsalliansen.se/spelare/Holger-Bengtsson_147,Holger Bengtsson														(1912-1980)
https://goteborgsalliansen.se/spelare/Olle-Bengtsson_16,Olle Bengtsson														(1908-1974)
https://goteborgsalliansen.se/spelare/Fritz-Berg_112,Fritz Berg														(1909-1974)
https://goteborgsalliansen.se/spelare/Yngve-Bergfelt_204,Yngve Bergfelt														(1927-2006)
https://goteborgsalliansen.se/spelare/Gunnar-Berghult_127,Gunnar Berghult														(1913-1994)
https://goteborgsalliansen.se/spelare/%C3%85ke-Bergling_296,Åke Bergling
https://goteborgsalliansen.se/spelare/Roland-Bergl%C3%B6v_198,Roland Berglöv														(1926-1983)
https://goteborgsalliansen.se/spelare/Erik-Bergqvist_179,Erik Bergqvist														(1922-1999)
https://goteborgsalliansen.se/spelare/Kurt-Bergsten_155,Kurt Bergsten														(1912-1987)
https://goteborgsalliansen.se/spelare/Algot-Bergstr%C3%B6m_81,Algot Bergström														(1909-2002)
https://goteborgsalliansen.se/spelare/Edvin-Bergstr%C3%B6m_156,Edvin Bergström														(1916-1993)
https://goteborgsalliansen.se/spelare/Bengt-Berndtsson_220,Bengt Berndtsson														(1933-2015)
https://goteborgsalliansen.se/spelare/Mikael-Berthagen_345,Mikael Berthagen
https://goteborgsalliansen.se/spelare/Bengt-Bertilsson_304,Bengt Bertilsson
https://goteborgsalliansen.se/spelare/Allan-Billing_69,Allan Billing														(1901-1978)
https://goteborgsalliansen.se/spelare/Stig-Bj%C3%B6rklund_177,Stig Björklund														(1923-2012)
https://goteborgsalliansen.se/spelare/Joel-Bj%C3%B6rkman_47,Joel Björkman														(1890-1978)
https://goteborgsalliansen.se/spelare/Leif-Bj%C3%B6rkman_196,Leif Björkman														(1924-1995)
https://goteborgsalliansen.se/spelare/Stig-Bj%C3%B6rkman_210,Stig Björkman														(1924-1984)
https://goteborgsalliansen.se/spelare/Rolf-Blomqvist_327,Rolf Blomqvist
https://goteborgsalliansen.se/spelare/Thomas-Bloom_318,Thomas Bloom
https://goteborgsalliansen.se/spelare/G%C3%B6sta-Bohman_136,Gösta Bohman														(1911-1993)
https://goteborgsalliansen.se/spelare/Bo-B%C3%B6rjesson_330,Bo Börjesson
https://goteborgsalliansen.se/spelare/Erik-B%C3%B6rjesson_44,Erik Börjesson														(1886-1983)
https://goteborgsalliansen.se/spelare/Helge-B%C3%B6rjesson_275,Helge Börjesson														(1931-2014)
https://goteborgsalliansen.se/spelare/Reino-B%C3%B6rjesson_194,Reino Börjesson														(1929-2023)
https://goteborgsalliansen.se/spelare/Reino-B%C3%B6rjesson_194,Reino Börjesson														(1929-2023)
https://goteborgsalliansen.se/spelare/Rune-B%C3%B6rjesson_239,Rune Börjesson														(1937-1996)
https://goteborgsalliansen.se/spelare/Rune-B%C3%B6rjesson_239,Rune Börjesson														(1937-1996)
https://goteborgsalliansen.se/spelare/S%C3%B6ren-B%C3%B6rjesson_339,Sören Börjesson														(1956-2024)
https://goteborgsalliansen.se/spelare/Yngve-Brodd_267,Yngve Brodd														(1930-2016)
https://goteborgsalliansen.se/spelare/Bror-Carlsson_41,Bror Carlsson														(1897-1986)
https://goteborgsalliansen.se/spelare/Gottfrid-Carlsson_79,Gottfrid Carlsson														(1909-1994)
https://goteborgsalliansen.se/spelare/Kjell-%C3%85ke-Carlsson_309,Kjell-Åke Carlsson
https://goteborgsalliansen.se/spelare/Viktor-Carlund_93,Viktor Carlund														(1906-1985)
https://goteborgsalliansen.se/spelare/Lars-Cato_245,Lars Cato														(1925-2011)
https://goteborgsalliansen.se/spelare/Rolf-Christensson_131,Rolf Christensson														(1912-1990)
https://goteborgsalliansen.se/spelare/Leif-Claesson_300,Leif Claesson														(1940-2021)
https://goteborgsalliansen.se/spelare/Ingemar-Clarin_213,Ingemar Clarin														(1927-2016)
https://goteborgsalliansen.se/spelare/G%C3%B6sta-Clark_11,Gösta Clark														(1895-1976)
https://goteborgsalliansen.se/spelare/Dan-Corneliusson_350,Dan Corneliusson
https://goteborgsalliansen.se/spelare/Lasse-Dahlenborg_37,Lasse Dahlenborg														(1895-1987)
https://goteborgsalliansen.se/spelare/Peter-Dahlqvist_348,Peter Dahlqvist
https://goteborgsalliansen.se/spelare/Erik-Eiserman_26,Erik Eiserman														(1892-1937)
https://goteborgsalliansen.se/spelare/Nils-Ekeroth_223,Nils Ekeroth														(1930-2021)
https://goteborgsalliansen.se/spelare/Rolf-Ekl%C3%B6f_266,Rolf Eklöf														(1938-1997)
https://goteborgsalliansen.se/spelare/H%C3%A5kan-Eklund_306,Håkan Eklund														(1941-1995)
https://goteborgsalliansen.se/spelare/Dan-Ekner_202,Dan Ekner														(1927-1975)
https://goteborgsalliansen.se/spelare/Erland-Ekstr%C3%B6m_186,Erland Ekström														(1918-1981)
https://goteborgsalliansen.se/spelare/Karl-Erik-Eliasson_133,Karl-Erik Eliasson														(1916-1996)
https://goteborgsalliansen.se/spelare/G%C3%B6te-Ellstr%C3%B6m_154,Göte Ellström														(1916-2010)
https://goteborgsalliansen.se/spelare/Rune-Emanuelsson_183,Rune Emanuelsson														(1923-1993)
https://goteborgsalliansen.se/spelare/Bertil-Ericsson_97,Bertil Ericsson														(1908-2002)
https://goteborgsalliansen.se/spelare/Bj%C3%B6rn-Eriksson_286,Björn Eriksson														(1943-2018)
https://goteborgsalliansen.se/spelare/Ingemar-Eriksson_242,Ingemar Eriksson														(1929-1997)
https://goteborgsalliansen.se/spelare/Nils-Eriksson_182,Nils Eriksson														(1916-2000)
https://goteborgsalliansen.se/spelare/Per-Erik-Eriksson_333,Per-Erik Eriksson
https://goteborgsalliansen.se/spelare/Kaj-Eskelinen_362,Kaj Eskelinen
https://goteborgsalliansen.se/spelare/-Eus%C3%A9bio_315,Eusébio														(1942-2014)
https://goteborgsalliansen.se/spelare/Axel-F%C3%A4rnstr%C3%B6m_227,Axel Färnström														(1925-2003)
https://goteborgsalliansen.se/spelare/Gunnar-Forsberg_130,Gunnar Forsberg														(1911-1992)
https://goteborgsalliansen.se/spelare/Leif-Forsberg_224,Leif Forsberg														(1932-2008)
https://goteborgsalliansen.se/spelare/Eine-Fredriksson_319,Eine Fredriksson
https://goteborgsalliansen.se/spelare/Folke-Fredriksson_237,Folke Fredriksson														(1927-2000)
https://goteborgsalliansen.se/spelare/Sven-Friberg_25,Sven Friberg														(1895-1964)
https://goteborgsalliansen.se/spelare/Rolf-Gardtman_100,Rolf Gardtman														(1907-1934)
https://goteborgsalliansen.se/spelare/Rolf-Gardtman_100,Rolf Gardtman														(1907-1934)
https://goteborgsalliansen.se/spelare/Evert-Grahn_178,Evert Grahn														(1921-2010)
https://goteborgsalliansen.se/spelare/Evert-Grahn_178,Evert Grahn														(1921-2010)
https://goteborgsalliansen.se/spelare/Erik-Granath_83,Erik Granath														(1910-1971)
https://goteborgsalliansen.se/spelare/Krister-Granbom_288,Krister Granbom														(1941-2023)
https://goteborgsalliansen.se/spelare/Joakim-Grandelius_361,Joakim Grandelius
https://goteborgsalliansen.se/spelare/Tryggve-Granqvist_211,Tryggve Granqvist														(1925-1997)
https://goteborgsalliansen.se/spelare/Kent-Grek_274,Kent Grek														(1942-2019)
https://goteborgsalliansen.se/spelare/Gunnar-Gren_173,Gunnar Gren														(1920-1991)
https://goteborgsalliansen.se/spelare/Gunnar-Gren_173,Gunnar Gren														(1920-1991)
https://goteborgsalliansen.se/spelare/Gunnar-Gren_173,Gunnar Gren														(1920-1991)
https://goteborgsalliansen.se/spelare/Gunnar-Gren_173,Gunnar Gren														(1920-1991)
https://goteborgsalliansen.se/spelare/Lars-Gunnskog_280,Lars Gunnskog
https://goteborgsalliansen.se/spelare/Gustaf-Gustafsson_82,Gustaf Gustafsson														(1902-1991)
https://goteborgsalliansen.se/spelare/Magnus-Gustafsson_367,Magnus Gustafsson
https://goteborgsalliansen.se/spelare/Rolf-Gustafsson_171,Rolf Gustafsson														(1920-2009)
https://goteborgsalliansen.se/spelare/%C3%85ke-Gustavsson_276,Åke Gustavsson
https://goteborgsalliansen.se/spelare/Christer-Gustavsson_321,Christer Gustavsson
https://goteborgsalliansen.se/spelare/Patrik-Gustavsson_364,Patrik Gustavsson
https://goteborgsalliansen.se/spelare/Ragnar-Gustavsson_71,Ragnar Gustavsson														(1907-1980)
https://goteborgsalliansen.se/spelare/Jonny-H%C3%A4ger%C3%A5_357,Jonny Hägerå
https://goteborgsalliansen.se/spelare/Per-Olof-Hagman_341,Per-Olof Hagman														(1956-2011)
https://goteborgsalliansen.se/spelare/Sjunne-Hallberg_27,Sjunne Hallberg														(1893-1951)
https://goteborgsalliansen.se/spelare/Thomas-Hallberg_379,Thomas Hallberg
https://goteborgsalliansen.se/spelare/%C3%85ke-Hallman_162,Åke Hallman														(1912-1973)
https://goteborgsalliansen.se/spelare/Sven-Hammar_122,Sven Hammar														(1911-1979)
https://goteborgsalliansen.se/spelare/Nils-Hans%C3%A9n_241,Nils Hansén														(1920-1997)
https://goteborgsalliansen.se/spelare/%C3%85ke-Hansson_15,Åke Hansson														(1903-1981)
https://goteborgsalliansen.se/spelare/%C3%85ke-Hansson_15,Åke Hansson														(1903-1981)
https://goteborgsalliansen.se/spelare/Evert-Hansson_78,Evert Hansson														(1908-1979)
https://goteborgsalliansen.se/spelare/Holger-Hansson_197,Holger Hansson														(1927-2014)
https://goteborgsalliansen.se/spelare/Knut-Hansson_146,Knut Hansson														(1911-1990)
https://goteborgsalliansen.se/spelare/Per-Olof-Hansson_248,Per-Olof Hansson														(1932-2016)
https://goteborgsalliansen.se/spelare/Rolf-Hansson_294,Rolf Hansson														(1943-1981)
https://goteborgsalliansen.se/spelare/Viktor-Hansson_55,Viktor Hansson														(1893-1991)
https://goteborgsalliansen.se/spelare/Lars-Ove-Haraldsson_298,Lars-Ove Haraldsson
https://goteborgsalliansen.se/spelare/Kent-Harman_312,Kent Harman														(1943-2025)
https://goteborgsalliansen.se/spelare/Einar-Hedeberg_62,Einar Hedeberg														(1898-1985)
https://goteborgsalliansen.se/spelare/Christer-Heideberg_301,Christer Heideberg
https://goteborgsalliansen.se/spelare/Henning-Helgesson_60,Henning Helgesson														(1900-1986)
https://goteborgsalliansen.se/spelare/Ove-Helm%C3%A9r_246,Ove Helmér
https://goteborgsalliansen.se/spelare/Lars-Henriksson_244,Lars Henriksson														(1930-2008)
https://goteborgsalliansen.se/spelare/Gustaf-Hermansson_34,Gustaf Hermansson														(1900-1969)
https://goteborgsalliansen.se/spelare/Fritjof-Hill%C3%A9n_42,Fritjof Hillén														(1893-1977)
https://goteborgsalliansen.se/spelare/Alf-Hjelm_89,Alf Hjelm														(1902-1969)
https://goteborgsalliansen.se/spelare/Erik-Hjelm_10,Erik Hjelm														(1893-1975)
https://goteborgsalliansen.se/spelare/Gunder-H%C3%B6gstr%C3%B6m_302,Gunder Högström
https://goteborgsalliansen.se/spelare/Gunnar-Holmberg_61,Gunnar Holmberg														(1897-1975)
https://goteborgsalliansen.se/spelare/Karl-Erik-Holmberg_73,Karl-Erik Holmberg														(1906-1991)
https://goteborgsalliansen.se/spelare/Ivan-Holmdahl_35,Ivan Holmdahl														(1894-1953)
https://goteborgsalliansen.se/spelare/Vallentin-Hult%C3%A9n_92,Vallentin Hultén														(1911-1993)
https://goteborgsalliansen.se/spelare/Olof-Hultfeldt_91,Olof Hultfeldt														(1911-1988)
https://goteborgsalliansen.se/spelare/Erik-Hultgren_88,Erik Hultgren														(1903-1969)
https://goteborgsalliansen.se/spelare/Erik-Hys%C3%A9n_87,Erik Hysén														(1906-1988)
https://goteborgsalliansen.se/spelare/Glenn-Hys%C3%A9n_354,Glenn Hysén
https://goteborgsalliansen.se/spelare/Glenn-Hys%C3%A9n_354,Glenn Hysén
https://goteborgsalliansen.se/spelare/Jethro-Jackson_373,Jethro Jackson
https://goteborgsalliansen.se/spelare/Karl-Alfred-Jacobsson_208,Karl-Alfred Jacobsson														(1926-2015)
https://goteborgsalliansen.se/spelare/Sanny-Jacobsson_215,Sanny Jacobsson														(1930-2017)
https://goteborgsalliansen.se/spelare/Sven-Jacobsson_144,Sven Jacobsson														(1914-1983)
https://goteborgsalliansen.se/spelare/Lars-Jangblad_221,Lars Jangblad														(1931-2016)
https://goteborgsalliansen.se/spelare/Bertil-Jansson_231,Bertil Jansson														(1932-2002)
https://goteborgsalliansen.se/spelare/Per-%C3%85ke-Jansson_272,Per-Åke Jansson														(1938-2023)
https://goteborgsalliansen.se/spelare/S%C3%B6ren-J%C3%A4rel%C3%B6v_353,Sören Järelöv
https://goteborgsalliansen.se/spelare/Hasse-Jeppson_190,Hasse Jeppson														(1925-2013)
https://goteborgsalliansen.se/spelare/Hasse-Jeppson_190,Hasse Jeppson														(1925-2013)
https://goteborgsalliansen.se/spelare/Rune-Jing%C3%A5rd_200,Rune Jingård														(1925-2018)
https://goteborgsalliansen.se/spelare/Kurt-Johanson_270,Kurt Johanson														(1932-1998)
https://goteborgsalliansen.se/spelare/Baldwin-Johansson_45,Baldwin Johansson														(1898-1940)
https://goteborgsalliansen.se/spelare/Bebben-Johansson_235,Bebben Johansson														(1935-2021)
https://goteborgsalliansen.se/spelare/Bengt-G%C3%B6ran-Johansson_247,Bengt-Göran Johansson														(1934-2016)
https://goteborgsalliansen.se/spelare/Bo-Johansson_284,Bo Johansson
https://goteborgsalliansen.se/spelare/Einar-Johansson_56,Einar Johansson														(1899-1963)
https://goteborgsalliansen.se/spelare/Elam-Johansson_53,Elam Johansson														(1896-1963)
https://goteborgsalliansen.se/spelare/Erik-Johansson_64,Erik Johansson														(1900-1983)
https://goteborgsalliansen.se/spelare/Filip-Johansson_20,Filip Johansson														(1902-1976)
https://goteborgsalliansen.se/spelare/Folke-Johansson_151,Folke Johansson														(1916-1992)
https://goteborgsalliansen.se/spelare/Gunnar-Johansson_209,Gunnar Johansson														(1924-2003)
https://goteborgsalliansen.se/spelare/Gustaf-Johansson_46,Gustaf Johansson														(1893-1979)
https://goteborgsalliansen.se/spelare/Gustav-Johansson_66,Gustav Johansson														(1900-1968)
https://goteborgsalliansen.se/spelare/Hans-Johansson_314,Hans Johansson
https://goteborgsalliansen.se/spelare/Harry-Johansson_108,Harry Johansson														(1909-1967)
https://goteborgsalliansen.se/spelare/Harry-Johansson_108,Harry Johansson														(1909-1967)
https://goteborgsalliansen.se/spelare/Holger-Johansson_96,Holger Johansson														(1911-1992)
https://goteborgsalliansen.se/spelare/Jan-Johansson_262,Jan Johansson														(1937-2024)
https://goteborgsalliansen.se/spelare/John-Johansson_40,John Johansson														(1894-1961)
https://goteborgsalliansen.se/spelare/Karl-Johansson_6,Karl Johansson														(1895-1943)
https://goteborgsalliansen.se/spelare/Knut-Johansson_168,Knut Johansson														(1918-2001)
https://goteborgsalliansen.se/spelare/Lars-G%C3%B6ran-Johansson_290,Lars-Göran Johansson
https://goteborgsalliansen.se/spelare/Lennart-Johansson_324,Lennart Johansson
https://goteborgsalliansen.se/spelare/Magnus-Johansson_356,Magnus Johansson
https://goteborgsalliansen.se/spelare/Nils-Johansson_263,Nils Johansson														(1934-2025)
https://goteborgsalliansen.se/spelare/Olof-Johansson_119,Olof Johansson														(1908-1978)
https://goteborgsalliansen.se/spelare/Paul-Johansson_277,Paul Johansson
https://goteborgsalliansen.se/spelare/Roger-Johansson_238,Roger Johansson														(1932-2008)
https://goteborgsalliansen.se/spelare/Roland-Johansson_236,Roland Johansson														(1930-2003)
https://goteborgsalliansen.se/spelare/Ronald-Johansson_249,Ronald Johansson														(1936-1964)
https://goteborgsalliansen.se/spelare/Sven-Johansson_49,Sven Johansson														(1899-1953)
https://goteborgsalliansen.se/spelare/Egon-Johnsson_201,Egon Johnsson														(1926-1985)
https://goteborgsalliansen.se/spelare/Sven-Jonasson_123,Sven Jonasson														(1909-1984)
https://goteborgsalliansen.se/spelare/Carl-Jonsson_107,Carl Jonsson														(1908-1989)
https://goteborgsalliansen.se/spelare/Fridolf-Jonsson_30,Fridolf Jonsson														(1890-1962)
https://goteborgsalliansen.se/spelare/Helge-Jonsson_113,Helge Jonsson														(1912-1992)
https://goteborgsalliansen.se/spelare/Nils-Jonsson_229,Nils Jonsson														(1932-1976)
https://goteborgsalliansen.se/spelare/Stig-Jonsson_269,Stig Jonsson														(1939-1981)
https://goteborgsalliansen.se/spelare/Tomas-J%C3%B6nsson_376,Tomas Jönsson
https://goteborgsalliansen.se/spelare/Yngve-K%C3%A4llkvist_335,Yngve Källkvist														(1949-2023)
https://goteborgsalliansen.se/spelare/Pontus-K%C3%A5mark_365,Pontus Kåmark
https://goteborgsalliansen.se/spelare/Gunnar-K%C3%A4mpendahl_258,Gunnar Kämpendahl														(1937-2020)
https://goteborgsalliansen.se/spelare/Conny-Karlsson_337,Conny Karlsson
https://goteborgsalliansen.se/spelare/Einar-Karlsson_145,Einar Karlsson														(1909-1967)
https://goteborgsalliansen.se/spelare/G%C3%B6te-Karlsson_180,Göte Karlsson														(1921-1990)
https://goteborgsalliansen.se/spelare/Gunnar-Karlsson_351,Gunnar Karlsson
https://goteborgsalliansen.se/spelare/Herbert-Karlsson_9,Herbert Karlsson														(1896-1952)
https://goteborgsalliansen.se/spelare/Joachim-Karlsson_366,Joachim Karlsson
https://goteborgsalliansen.se/spelare/Nils-Karlsson_32,Nils Karlsson														(1897-1967)
https://goteborgsalliansen.se/spelare/Ola-Karlsson_377,Ola Karlsson
https://goteborgsalliansen.se/spelare/Roger-Karlsson_285,Roger Karlsson
https://goteborgsalliansen.se/spelare/Rolf-Karlsson_340,Rolf Karlsson
https://goteborgsalliansen.se/spelare/Walter-Karlsson_116,Walter Karlsson														(1908-1984)
https://goteborgsalliansen.se/spelare/Willis-Karlsson_157,Willis Karlsson														(1914-1987)
https://goteborgsalliansen.se/spelare/Nicklas-Karlstr%C3%B6m_360,Nicklas Karlström
https://goteborgsalliansen.se/spelare/Anders-Kiel_378,Anders Kiel
https://goteborgsalliansen.se/spelare/Ove-Kindvall_338,Ove Kindvall														(1943-2025)
https://goteborgsalliansen.se/spelare/Ivar-Klingstr%C3%B6m_4,Ivar Klingström														(1897-1993)
https://goteborgsalliansen.se/spelare/Arne-Knutsson_265,Arne Knutsson														(1934-2000)
https://goteborgsalliansen.se/spelare/Carl-Krantz_33,Carl Krantz														(1894-1964)
https://goteborgsalliansen.se/spelare/Karl+Erik-Kristensson_207,Karl Erik Kristensson														(1926-2009)
https://goteborgsalliansen.se/spelare/%C3%85ke-Kristiansson_175,Åke Kristiansson														(1920-1994)
https://goteborgsalliansen.se/spelare/Albert-Kristiansson_48,Albert Kristiansson														(1892-1967)
https://goteborgsalliansen.se/spelare/Douglas-Krook_36,Douglas Krook														(1897-1971)
https://goteborgsalliansen.se/spelare/Douglas-Krook_36,Douglas Krook														(1897-1971)
https://goteborgsalliansen.se/spelare/Svejde-Krook_95,Svejde Krook														(1914-1999)
https://goteborgsalliansen.se/spelare/Evert-Lager_104,Evert Lager														(1907-1964)
https://goteborgsalliansen.se/spelare/Benno-Larsen_320,Benno Larsen
https://goteborgsalliansen.se/spelare/Berry-Larsson_313,Berry Larsson
https://goteborgsalliansen.se/spelare/Folke-Larsson_153,Folke Larsson														(1915-1995)
https://goteborgsalliansen.se/spelare/Henry-Larsson_206,Henry Larsson														(1924-2015)
https://goteborgsalliansen.se/spelare/Leif-Larsson_160,Leif Larsson														(1921-1975)
https://goteborgsalliansen.se/spelare/Leif-Larsson_160,Leif Larsson														(1921-1975)
https://goteborgsalliansen.se/spelare/Nils-Larsson_7,Nils Larsson														(1897-1965)
https://goteborgsalliansen.se/spelare/Osborn-Larsson_332,Osborn Larsson
https://goteborgsalliansen.se/spelare/Thomas-Larsson_349,Thomas Larsson
https://goteborgsalliansen.se/spelare/Torilld-Larsson_12,Torilld Larsson														(1908-1975)
https://goteborgsalliansen.se/spelare/Erik-Levin_43,Erik Levin														(1899-1960)
https://goteborgsalliansen.se/spelare/Helge-Liljebj%C3%B6rn_68,Helge Liljebjörn														(1904-1952)
https://goteborgsalliansen.se/spelare/Erik-Liljenberg_3,Erik Liljenberg														(1894-1976)
https://goteborgsalliansen.se/spelare/Folke-Lind_118,Folke Lind														(1913-2001)
https://goteborgsalliansen.se/spelare/Gunro-Lindberg_273,Gunro Lindberg														(1937-2021)
https://goteborgsalliansen.se/spelare/Roland-Lindberg_150,Roland Lindberg														(1910-1993)
https://goteborgsalliansen.se/spelare/Yngve-Lindegren_163,Yngve Lindegren														(1912-1990)
https://goteborgsalliansen.se/spelare/Leif-Linderoth_250,Leif Linderoth														(1936-2025)
https://goteborgsalliansen.se/spelare/Roland-Lindqvist_264,Roland Lindqvist														(1939-2014)
https://goteborgsalliansen.se/spelare/Stefan-Lindqvist_363,Stefan Lindqvist														(1967-2020)
https://goteborgsalliansen.se/spelare/Stig-Lindqvist_199,Stig Lindqvist														(1918-1982)
https://goteborgsalliansen.se/spelare/Gunnar-L%C3%B6fgren_94,Gunnar Löfgren														(1910-2012)
https://goteborgsalliansen.se/spelare/Stig-L%C3%B6fgren_142,Stig Löfgren														(1919-1986)
https://goteborgsalliansen.se/spelare/Rune-Ludvigsson_165,Rune Ludvigsson														(1922-2004)
https://goteborgsalliansen.se/spelare/Arne-Lund_214,Arne Lund														(1926-2017)
https://goteborgsalliansen.se/spelare/Valdus-Lund_29,Valdus Lund														(1895-1962)
https://goteborgsalliansen.se/spelare/Helmer-Lundgren_149,Helmer Lundgren														(1914-1979)
https://goteborgsalliansen.se/spelare/Herbert-Lundgren_13,Herbert Lundgren														(1902-1977)
https://goteborgsalliansen.se/spelare/Arne-Lundqvist_226,Arne Lundqvist														(1926-1997)
https://goteborgsalliansen.se/spelare/Evert-Lundqvist_65,Evert Lundqvist														(1900-1979)
https://goteborgsalliansen.se/spelare/Thomas-Madsen_372,Thomas Madsen
https://goteborgsalliansen.se/spelare/Harry-Magnusson_31,Harry Magnusson														(1893-1961)
https://goteborgsalliansen.se/spelare/Fridolf-Martinsson_129,Fridolf Martinsson														(1914-1972)
https://goteborgsalliansen.se/spelare/Allan-Mattiasson_101,Allan Mattiasson														(1908-1969)
https://goteborgsalliansen.se/spelare/Bo-Mattsson_322,Bo Mattsson
https://goteborgsalliansen.se/spelare/Bror-Mellberg_256,Bror Mellberg														(1923-2004)
https://goteborgsalliansen.se/spelare/H%C3%A5kan-Mild_359,Håkan Mild
https://goteborgsalliansen.se/spelare/Bengt-Mossberg_161,Bengt Mossberg														(1920-2011)
https://goteborgsalliansen.se/spelare/G%C3%B6ran-Nicklasson_287,Göran Nicklasson														(1942-2018)
https://goteborgsalliansen.se/spelare/Donald-Niklasson_305,Donald Niklasson
https://goteborgsalliansen.se/spelare/Erik-Nilsson_347,Erik Nilsson
https://goteborgsalliansen.se/spelare/Harry-Nilsson_102,Harry Nilsson														(1905-1978)
https://goteborgsalliansen.se/spelare/John-Nilsson_72,John Nilsson														(1908-1987)
https://goteborgsalliansen.se/spelare/Lennart-Nilsson+I_253,Lennart Nilsson I														(1937-2001)
https://goteborgsalliansen.se/spelare/Lennart-Nilsson+II_380,Lennart Nilsson II
https://goteborgsalliansen.se/spelare/Morgan-Nilsson_358,Morgan Nilsson
https://goteborgsalliansen.se/spelare/Ove-Nilsson_176,Ove Nilsson														(1918-2010)
https://goteborgsalliansen.se/spelare/Sixten-Nilsson_234,Sixten Nilsson														(1931-1992)
https://goteborgsalliansen.se/spelare/Torbj%C3%B6rn-Nilsson_342,Torbjörn Nilsson
https://goteborgsalliansen.se/spelare/Bj%C3%B6rn-Nordqvist_343,Björn Nordqvist
https://goteborgsalliansen.se/spelare/Roger-Nordstrand_374,Roger Nordstrand
https://goteborgsalliansen.se/spelare/Jan-Nordstr%C3%B6m_316,Jan Nordström														(1944-2023)
https://goteborgsalliansen.se/spelare/Jan-Nordstr%C3%B6m_316,Jan Nordström														(1944-2023)
https://goteborgsalliansen.se/spelare/Per-Nordstr%C3%B6m_109,Per Nordström														(1913-2005)
https://goteborgsalliansen.se/spelare/%C3%85ke-Nor%C3%A9n_240,Åke Norén														(1928-2012)
https://goteborgsalliansen.se/spelare/Arne-Nyberg_117,Arne Nyberg														(1913-1970)
https://goteborgsalliansen.se/spelare/Yngve-Nykvist_259,Yngve Nykvist														(1934-2012)
https://goteborgsalliansen.se/spelare/Hans-Eje-Nylander_222,Hans-Eje Nylander														(1928-1959)
https://goteborgsalliansen.se/spelare/Hugo-%C3%96dvall_85,Hugo Ödvall														(1904-1937)
https://goteborgsalliansen.se/spelare/Owe-Ohlsson_254,Owe Ohlsson
https://goteborgsalliansen.se/spelare/Reine-Olausson_331,Reine Olausson														(1949-2024)
https://goteborgsalliansen.se/spelare/Lars-Olofsson_261,Lars Olofsson
https://goteborgsalliansen.se/spelare/Per-Olofsson_195,Per Olofsson
https://goteborgsalliansen.se/spelare/Albert-Olsson_19,Albert Olsson														(1896-1977)
https://goteborgsalliansen.se/spelare/Arvid-Olsson_98,Arvid Olsson														(1903-1955)
https://goteborgsalliansen.se/spelare/Axel-Olsson_159,Axel Olsson														(1910-1995)
https://goteborgsalliansen.se/spelare/Dennis-Olsson_346,Dennis Olsson
https://goteborgsalliansen.se/spelare/Gunnar-Olsson_105,Gunnar Olsson														(1908-1974)
https://goteborgsalliansen.se/spelare/Hasse-Olsson_225,Hasse Olsson														(1930-2021)
https://goteborgsalliansen.se/spelare/Jan-Olsson_293,Jan Olsson														(1944-2023)
https://goteborgsalliansen.se/spelare/Karl-Olsson_24,Karl Olsson														(1892-1971)
https://goteborgsalliansen.se/spelare/Lars-Hugo-Olsson_192,Lars-Hugo Olsson														(1919-1987)
https://goteborgsalliansen.se/spelare/Nils-Olsson_184,Nils Olsson														(1921-2000)
https://goteborgsalliansen.se/spelare/B%C3%B6rje-Oskarsson_326,Börje Oskarsson
https://goteborgsalliansen.se/spelare/Dan-%C3%96stlund_329,Dan Östlund
https://goteborgsalliansen.se/spelare/Ernst-%C3%96stlund_84,Ernst Östlund														(1899-1978)
https://goteborgsalliansen.se/spelare/Lennart-Ottordahl_323,Lennart Ottordahl														(1949-2003)
https://goteborgsalliansen.se/spelare/Lennart-Ottordahl_323,Lennart Ottordahl														(1949-2003)
https://goteborgsalliansen.se/spelare/Ragnvald-P%C3%A5lsson_172,Ragnvald Pålsson														(1917-1981)
https://goteborgsalliansen.se/spelare/Sten-P%C3%A5lsson_303,Sten Pålsson
https://goteborgsalliansen.se/spelare/Gunnar-Paulsson_50,Gunnar Paulsson														(1901-1928)
https://goteborgsalliansen.se/spelare/%C3%96rjan-Persson_268,Örjan Persson
https://goteborgsalliansen.se/spelare/Sune-Persson_325,Sune Persson
https://goteborgsalliansen.se/spelare/Rolf-Petersson_307,Rolf Petersson
https://goteborgsalliansen.se/spelare/Thomas-Ravelli_368,Thomas Ravelli
https://goteborgsalliansen.se/spelare/Stefan-Rehn_371,Stefan Rehn
https://goteborgsalliansen.se/spelare/Gunnar-Reis_80,Gunnar Reis														(1911-1992)
https://goteborgsalliansen.se/spelare/Sixten-Rosenqvist_167,Sixten Rosenqvist														(1918-1977)
https://goteborgsalliansen.se/spelare/Anders-Rydberg_75,Anders Rydberg														(1903-1989)
https://goteborgsalliansen.se/spelare/Gunnar-Rydberg_8,Gunnar Rydberg														(1900-1985)
https://goteborgsalliansen.se/spelare/Ingvar-Rydell_187,Ingvar Rydell														(1922-2013)
https://goteborgsalliansen.se/spelare/Sven-Rydell_57,Sven Rydell														(1905-1975)
https://goteborgsalliansen.se/spelare/Gustaf-Samuelsson_38,Gustaf Samuelsson
https://goteborgsalliansen.se/spelare/Hasse-Samuelsson_279,Hasse Samuelsson														(1941-2023)
https://goteborgsalliansen.se/spelare/Herbert-Samuelsson_67,Herbert Samuelsson														(1905-1980)
https://goteborgsalliansen.se/spelare/Yngve-Samuelsson_297,Yngve Samuelsson
https://goteborgsalliansen.se/spelare/Carl-Erik-Sandberg_169,Carl-Erik Sandberg														(1919-2000)
https://goteborgsalliansen.se/spelare/Mauritz-Sandberg_28,Mauritz Sandberg														(1895-1981)
https://goteborgsalliansen.se/spelare/Herbert-Sandstr%C3%B6m_63,Herbert Sandström														(1900-1986)
https://goteborgsalliansen.se/spelare/Henry-Sch%C3%A9ele_126,Henry Schéele														(1909-1977)
https://goteborgsalliansen.se/spelare/%C3%85ke-Sch%C3%B6n_164,Åke Schön														(1920-1996)
https://goteborgsalliansen.se/spelare/Vilgot-Schwartz_233,Vilgot Schwartz														(1936-2019)
https://goteborgsalliansen.se/spelare/Bertil-Sernros_181,Bertil Sernros														(1921-1993)
https://goteborgsalliansen.se/spelare/Agne-Simonsson_252,Agne Simonsson														(1935-2020)
https://goteborgsalliansen.se/spelare/Andreas-Sj%C3%B6berg_188,Andreas Sjöberg														(1923-2012)
https://goteborgsalliansen.se/spelare/Bertil-Sj%C3%B6berg_103,Bertil Sjöberg														(1910-1985)
https://goteborgsalliansen.se/spelare/Sven-Sj%C3%B6blom_203,Sven Sjöblom														(1929-2012)
https://goteborgsalliansen.se/spelare/Niclas-Sj%C3%B6stedt_355,Niclas Sjöstedt
https://goteborgsalliansen.se/spelare/G%C3%B6te-Sj%C3%B6sten_174,Göte Sjösten														(1918-1999)
https://goteborgsalliansen.se/spelare/Vallentin-Skoglund_51,Vallentin Skoglund														(1896-1971)
https://goteborgsalliansen.se/spelare/Jens-S%C3%B6derberg_282,Jens Söderberg														(1938-2019)
https://goteborgsalliansen.se/spelare/G%C3%B6sta-Stenberg_158,Gösta Stenberg														(1918-1973)
https://goteborgsalliansen.se/spelare/Kurt-Svanstr%C3%B6m_137,Kurt Svanström														(1915-1996)
https://goteborgsalliansen.se/spelare/Tord-Svanstr%C3%B6m_232,Tord Svanström														(1928-2007)
https://goteborgsalliansen.se/spelare/Allan-Svantesson_243,Allan Svantesson														(1928-2016)
https://goteborgsalliansen.se/spelare/Anders-Svensson_281,Anders Svensson														(1939-2007)
https://goteborgsalliansen.se/spelare/G%C3%B6sta-Svensson_114,Gösta Svensson														(1904-1948)
https://goteborgsalliansen.se/spelare/Harry-Svensson_310,Harry Svensson
https://goteborgsalliansen.se/spelare/Henning-Svensson_23,Henning Svensson														(1891-1979)
https://goteborgsalliansen.se/spelare/Ingvar-Svensson_283,Ingvar Svensson
https://goteborgsalliansen.se/spelare/M%C3%A5rten-Svensson_140,Mårten Svensson														(1917-1987)
https://goteborgsalliansen.se/spelare/Ola-Svensson_369,Ola Svensson
https://goteborgsalliansen.se/spelare/Torsten-Svensson_21,Torsten Svensson														(1901-1954)
https://goteborgsalliansen.se/spelare/%C3%85ke-Tholander_138,Åke Tholander														(1914-2005)
https://goteborgsalliansen.se/spelare/Karl-Thorin_111,Karl Thorin														(1904-1990)
https://goteborgsalliansen.se/spelare/Curt-Thorstensson_193,Curt Thorstensson														(1925-2020)
https://goteborgsalliansen.se/spelare/Bertil-Thulin_90,Bertil Thulin														(1903-1985)
https://goteborgsalliansen.se/spelare/Konrad-T%C3%B6rnqvist_5,Konrad Törnqvist														(1888-1952)
https://goteborgsalliansen.se/spelare/Bengt-Vikstr%C3%B6m_212,Bengt Vikström														(1927-1990)
https://goteborgsalliansen.se/spelare/Berth-W%C3%A5hlin_299,Berth Wåhlin
https://goteborgsalliansen.se/spelare/Bror-Wahlstr%C3%B6m_124,Bror Wahlström														(1907-1953)
https://goteborgsalliansen.se/spelare/Jens-W%C3%A5lemark_375,Jens Wålemark
https://goteborgsalliansen.se/spelare/Lennart-Wallin_291,Lennart Wallin
https://goteborgsalliansen.se/spelare/Viktor-Wallin_115,Viktor Wallin														(1911-1997)
https://goteborgsalliansen.se/spelare/Leif-Wendt_289,Leif Wendt
https://goteborgsalliansen.se/spelare/Gunnar-Wenzel_1,Gunnar Wenzel														(1898-1971)
https://goteborgsalliansen.se/spelare/Rune-Wenzel_18,Rune Wenzel														(1901-1977)
https://goteborgsalliansen.se/spelare/Gustaf-Werner_132,Gustaf Werner														(1911-1975)
https://goteborgsalliansen.se/spelare/Kenneth-Wessberg_334,Kenneth Wessberg
https://goteborgsalliansen.se/spelare/Rolf-Wetterlind_260,Rolf Wetterlind														(1933-2025)
https://goteborgsalliansen.se/spelare/Lennart-Wing_257,Lennart Wing
https://goteborgsalliansen.se/spelare/Nils-Wir%C3%A9en_251,Nils Wiréen														(1936-1992)
https://goteborgsalliansen.se/spelare/Leif-Ytterell_370,Leif Ytterell
https://goteborgsalliansen.se/spelare/Gunnar-Zacharoff_14,Gunnar Zacharoff														(1902-1957)
https://goteborgsalliansen.se/spelare/Harry-Zachrisson_76,Harry Zachrisson														(1906-1977)
https://goteborgsalliansen.se/spelare/Robert-Zander_22,Robert Zander														(1895-1966)
